word,language,count,pos
page,en,1,NOUN
article,en,5,NOUN
score,en,1,NOUN
time,en,83,NOUN
school,en,1,NOUN
world,en,61,NOUN
state,en,15,NOUN
year,en,47,NOUN
city,en,34,NOUN
march,en,7,NOUN
being,en,3,NOUN
south,en,2,NOUN
use,en,53,NOUN
war,en,10,NOUN
part,en,89,NOUN
list,en,4,NOUN
name,en,28,NOUN
history,en,7,NOUN
series,en,1,NOUN
north,en,2,NOUN
work,en,14,NOUN
season,en,5,NOUN
music,en,15,NOUN
league,en,6,NOUN
debate,en,1,NOUN
title,en,10,NOUN
number,en,42,NOUN
family,en,26,NOUN
life,en,38,NOUN
game,en,2,NOUN
house,en,100,NOUN
company,en,21,NOUN
living,en,1,NOUN
day,en,95,NOUN
place,en,86,NOUN
party,en,9,NOUN
college,en,1,NOUN
result,en,1,NOUN
government,en,12,NOUN
style,en,5,NOUN
country,en,67,NOUN
way,en,38,NOUN
end,en,29,NOUN
church,en,35,NOUN
image,en,14,NOUN
town,en,93,NOUN
song,en,2,NOUN
women,en,2,NOUN
seed,en,1,NOUN
member,en,2,NOUN
book,en,6,NOUN
order,en,28,NOUN
information,en,5,NOUN
point,en,25,NOUN
river,en,19,NOUN
top,en,12,NOUN
language,en,19,NOUN
note,en,4,NOUN
original,en,2,NOUN
age,en,14,NOUN
service,en,9,NOUN
air,en,34,NOUN
law,en,17,NOUN
park,en,4,NOUN
case,en,6,NOUN
village,en,18,NOUN
art,en,10,NOUN
community,en,1,NOUN
army,en,8,NOUN
death,en,16,NOUN
men,en,1,NOUN
road,en,11,NOUN
source,en,2,NOUN
man,en,87,NOUN
report,en,5,NOUN
building,en,15,NOUN
king,en,38,NOUN
ship,en,9,NOUN
cup,en,1,NOUN
side,en,45,NOUN
power,en,20,NOUN
water,en,24,NOUN
field,en,10,NOUN
island,en,9,NOUN
project,en,3,NOUN
o,en,2,NOUN
example,en,5,NOUN
union,en,1,NOUN
court,en,66,NOUN
region,en,1,NOUN
v,en,1,NOUN
son,en,8,NOUN
street,en,21,NOUN
head,en,65,NOUN
father,en,9,NOUN
track,en,1,NOUN
level,en,1,NOUN
summer,en,13,NOUN
society,en,2,NOUN
office,en,1,NOUN
story,en,21,NOUN
land,en,10,NOUN
business,en,11,NOUN
reason,en,25,NOUN
term,en,4,NOUN
post,en,10,NOUN
making,en,1,NOUN
subject,en,24,NOUN
science,en,2,NOUN
rock,en,7,NOUN
news,en,9,NOUN
kingdom,en,8,NOUN
love,en,20,NOUN
k,en,1,NOUN
editor,en,2,NOUN
person,en,101,NOUN
battle,en,4,NOUN
hall,en,3,NOUN
date,en,3,NOUN
change,en,11,NOUN
board,en,4,NOUN
japan,en,9,NOUN
half,en,34,NOUN
event,en,1,NOUN
action,en,1,NOUN
space,en,2,NOUN
star,en,2,NOUN
china,en,12,NOUN
minister,en,6,NOUN
lake,en,1,NOUN
author,en,14,NOUN
character,en,4,NOUN
light,en,18,NOUN
release,en,1,NOUN
republic,en,1,NOUN
thanks,en,5,NOUN
race,en,5,NOUN
body,en,41,NOUN
question,en,7,NOUN
week,en,12,NOUN
match,en,2,NOUN
tour,en,4,NOUN
sea,en,20,NOUN
cross,en,6,NOUN
health,en,11,NOUN
wife,en,23,NOUN
night,en,43,NOUN
middle,en,5,NOUN
stage,en,5,NOUN
addition,en,4,NOUN
saint,en,10,NOUN
self,en,5,NOUN
mother,en,17,NOUN
fire,en,11,NOUN
gold,en,35,NOUN
course,en,2,NOUN
size,en,9,NOUN
means,en,1,NOUN
artist,en,1,NOUN
word,en,35,NOUN
blue,en,2,NOUN
value,en,11,NOUN
view,en,12,NOUN
quality,en,24,NOUN
front,en,2,NOUN
model,en,1,NOUN
material,en,1,NOUN
coach,en,14,NOUN
mark,en,10,NOUN
outside,en,4,NOUN
brother,en,9,NOUN
writer,en,8,NOUN
writing,en,8,NOUN
interest,en,6,NOUN
medal,en,6,NOUN
search,en,3,NOUN
bay,en,2,NOUN
reference,en,1,NOUN
library,en,1,NOUN
management,en,1,NOUN
guitar,en,2,NOUN
hill,en,11,NOUN
daughter,en,12,NOUN
reading,en,1,NOUN
actor,en,4,NOUN
rule,en,1,NOUN
thought,en,7,NOUN
hand,en,53,NOUN
capital,en,3,NOUN
valley,en,3,NOUN
bank,en,8,NOUN
ground,en,16,NOUN
leader,en,2,NOUN
bridge,en,11,NOUN
industry,en,3,NOUN
collection,en,6,NOUN
request,en,1,NOUN
professor,en,1,NOUN
campaign,en,5,NOUN
theatre,en,2,NOUN
empire,en,18,NOUN
length,en,12,NOUN
market,en,4,NOUN
novel,en,1,NOUN
sound,en,9,NOUN
child,en,22,NOUN
idea,en,16,NOUN
channel,en,1,NOUN
parliament,en,1,NOUN
foundation,en,7,NOUN
ice,en,1,NOUN
governor,en,12,NOUN
account,en,40,NOUN
taking,en,1,NOUN
mountain,en,15,NOUN
thing,en,71,NOUN
square,en,8,NOUN
woman,en,81,NOUN
officer,en,13,NOUN
money,en,23,NOUN
trade,en,10,NOUN
degree,en,10,NOUN
birth,en,5,NOUN
sun,en,9,NOUN
earth,en,11,NOUN
journal,en,1,NOUN
beginning,en,2,NOUN
bit,en,5,NOUN
structure,en,3,NOUN
lord,en,6,NOUN
assembly,en,12,NOUN
queen,en,11,NOUN
security,en,2,NOUN
operation,en,3,NOUN
prince,en,21,NOUN
staff,en,1,NOUN
nature,en,24,NOUN
captain,en,7,NOUN
saying,en,1,NOUN
box,en,5,NOUN
success,en,1,NOUN
rest,en,22,NOUN
matter,en,9,NOUN
month,en,20,NOUN
care,en,26,NOUN
commission,en,4,NOUN
plan,en,1,NOUN
practice,en,1,NOUN
command,en,19,NOUN
master,en,12,NOUN
feature,en,5,NOUN
experience,en,1,NOUN
silver,en,22,NOUN
secretary,en,1,NOUN
youth,en,1,NOUN
heart,en,18,NOUN
room,en,38,NOUN
stone,en,26,NOUN
deal,en,16,NOUN
key,en,1,NOUN
picture,en,17,NOUN
fiction,en,1,NOUN
majority,en,1,NOUN
claim,en,4,NOUN
seat,en,14,NOUN
prize,en,4,NOUN
port,en,2,NOUN
castle,en,14,NOUN
wing,en,1,NOUN
opinion,en,23,NOUN
commander,en,1,NOUN
fort,en,1,NOUN
effect,en,15,NOUN
purpose,en,8,NOUN
winter,en,13,NOUN
appearance,en,11,NOUN
kind,en,26,NOUN
entry,en,1,NOUN
sense,en,8,NOUN
meaning,en,2,NOUN
map,en,1,NOUN
bishop,en,3,NOUN
rate,en,1,NOUN
voice,en,3,NOUN
jack,en,1,NOUN
justice,en,6,NOUN
temple,en,7,NOUN
sister,en,32,NOUN
table,en,14,NOUN
friend,en,27,NOUN
loss,en,6,NOUN
architecture,en,7,NOUN
face,en,44,NOUN
girl,en,12,NOUN
politics,en,1,NOUN
cause,en,6,NOUN
volume,en,1,NOUN
oil,en,1,NOUN
victory,en,2,NOUN
regiment,en,1,NOUN
branch,en,6,NOUN
train,en,5,NOUN
paper,en,2,NOUN
remains,en,16,NOUN
wrong,en,2,NOUN
mass,en,1,NOUN
comedy,en,6,NOUN
knowledge,en,8,NOUN
meeting,en,2,NOUN
figure,en,30,NOUN
camp,en,3,NOUN
variety,en,13,NOUN
owner,en,3,NOUN
attention,en,2,NOUN
religion,en,19,NOUN
mind,en,22,NOUN
descent,en,1,NOUN
inside,en,3,NOUN
authority,en,4,NOUN
vice,en,3,NOUN
notice,en,10,NOUN
spring,en,4,NOUN
opera,en,10,NOUN
founder,en,1,NOUN
husband,en,28,NOUN
importance,en,1,NOUN
boy,en,7,NOUN
nation,en,8,NOUN
faith,en,4,NOUN
entertainment,en,6,NOUN
creation,en,1,NOUN
tower,en,7,NOUN
marriage,en,8,NOUN
peace,en,3,NOUN
hour,en,23,NOUN
ability,en,1,NOUN
host,en,1,NOUN
wall,en,14,NOUN
troops,en,2,NOUN
emperor,en,38,NOUN
letter,en,63,NOUN
couple,en,3,NOUN
fellow,en,14,NOUN
duke,en,10,NOUN
gallery,en,18,NOUN
tree,en,26,NOUN
protection,en,5,NOUN
count,en,16,NOUN
situation,en,11,NOUN
lady,en,128,NOUN
influence,en,2,NOUN
machine,en,10,NOUN
ministry,en,1,NOUN
blood,en,3,NOUN
distance,en,8,NOUN
bottom,en,9,NOUN
dispute,en,5,NOUN
scene,en,16,NOUN
method,en,2,NOUN
iron,en,1,NOUN
ball,en,6,NOUN
fish,en,3,NOUN
gun,en,4,NOUN
sign,en,7,NOUN
doctor,en,5,NOUN
crime,en,1,NOUN
sex,en,6,NOUN
sentence,en,3,NOUN
horse,en,27,NOUN
wood,en,17,NOUN
rank,en,20,NOUN
direction,en,1,NOUN
guide,en,1,NOUN
weight,en,1,NOUN
fighting,en,1,NOUN
rose,en,11,NOUN
treatment,en,2,NOUN
fame,en,2,NOUN
capacity,en,1,NOUN
exchange,en,7,NOUN
translation,en,6,NOUN
estate,en,6,NOUN
piece,en,37,NOUN
growth,en,1,NOUN
murder,en,3,NOUN
revolution,en,1,NOUN
medicine,en,1,NOUN
garden,en,31,NOUN
height,en,6,NOUN
morning,en,12,NOUN
argument,en,2,NOUN
falls,en,1,NOUN
learning,en,7,NOUN
choice,en,7,NOUN
secret,en,8,NOUN
poet,en,5,NOUN
guard,en,13,NOUN
freedom,en,3,NOUN
taylor,en,2,NOUN
quarter,en,3,NOUN
copy,en,4,NOUN
description,en,22,NOUN
sort,en,47,NOUN
cell,en,2,NOUN
concert,en,2,NOUN
sub,en,1,NOUN
safety,en,2,NOUN
painting,en,6,NOUN
price,en,5,NOUN
message,en,1,NOUN
memory,en,3,NOUN
fox,en,2,NOUN
philosophy,en,3,NOUN
floor,en,3,NOUN
labour,en,4,NOUN
yard,en,3,NOUN
guest,en,1,NOUN
economy,en,1,NOUN
storm,en,4,NOUN
mile,en,15,NOUN
bowl,en,1,NOUN
damage,en,1,NOUN
fleet,en,1,NOUN
theme,en,3,NOUN
ring,en,4,NOUN
deputy,en,2,NOUN
difference,en,10,NOUN
animal,en,5,NOUN
palace,en,29,NOUN
understanding,en,3,NOUN
poetry,en,7,NOUN
row,en,12,NOUN
eye,en,41,NOUN
application,en,1,NOUN
steel,en,1,NOUN
presence,en,1,NOUN
chance,en,5,NOUN
object,en,4,NOUN
defeat,en,1,NOUN
intelligence,en,3,NOUN
connection,en,1,NOUN
plot,en,1,NOUN
firm,en,1,NOUN
portion,en,2,NOUN
residence,en,4,NOUN
moon,en,3,NOUN
limit,en,2,NOUN
minute,en,3,NOUN
wind,en,5,NOUN
crown,en,8,NOUN
step,en,9,NOUN
alliance,en,1,NOUN
heat,en,9,NOUN
credit,en,2,NOUN
boat,en,7,NOUN
colonel,en,1,NOUN
tradition,en,1,NOUN
spirit,en,8,NOUN
climate,en,9,NOUN
passing,en,1,NOUN
pope,en,2,NOUN
glass,en,6,NOUN
defence,en,2,NOUN
speech,en,2,NOUN
proposal,en,1,NOUN
ff,en,1,NOUN
fashion,en,24,NOUN
foot,en,27,NOUN
audience,en,6,NOUN
motion,en,6,NOUN
setting,en,1,NOUN
criminal,en,2,NOUN
commonwealth,en,1,NOUN
cathedral,en,2,NOUN
reality,en,1,NOUN
enemy,en,2,NOUN
respect,en,21,NOUN
killing,en,1,NOUN
fan,en,2,NOUN
painter,en,3,NOUN
universe,en,1,NOUN
aid,en,1,NOUN
driver,en,2,NOUN
baby,en,2,NOUN
calling,en,3,NOUN
weather,en,11,NOUN
bird,en,2,NOUN
strength,en,5,NOUN
keeping,en,1,NOUN
magic,en,1,NOUN
treaty,en,2,NOUN
rear,en,2,NOUN
circuit,en,1,NOUN
geography,en,1,NOUN
chamber,en,20,NOUN
moment,en,4,NOUN
grounds,en,1,NOUN
condition,en,2,NOUN
instance,en,5,NOUN
shift,en,3,NOUN
door,en,14,NOUN
institution,en,2,NOUN
princess,en,11,NOUN
corner,en,5,NOUN
mill,en,1,NOUN
spot,en,5,NOUN
progress,en,1,NOUN
truth,en,31,NOUN
peer,en,1,NOUN
shape,en,22,NOUN
legend,en,1,NOUN
injury,en,1,NOUN
violence,en,1,NOUN
chapel,en,2,NOUN
dream,en,3,NOUN
passenger,en,1,NOUN
parent,en,4,NOUN
column,en,3,NOUN
soul,en,11,NOUN
entrance,en,6,NOUN
string,en,3,NOUN
pair,en,2,NOUN
sample,en,1,NOUN
arm,en,20,NOUN
canal,en,7,NOUN
brain,en,1,NOUN
controversy,en,1,NOUN
chain,en,3,NOUN
circle,en,3,NOUN
opportunity,en,19,NOUN
manner,en,62,NOUN
lawyer,en,1,NOUN
reader,en,1,NOUN
pan,en,1,NOUN
duty,en,3,NOUN
chair,en,8,NOUN
stuff,en,13,NOUN
composition,en,2,NOUN
salt,en,1,NOUN
contribution,en,2,NOUN
retirement,en,3,NOUN
discovery,en,2,NOUN
frame,en,2,NOUN
assistance,en,1,NOUN
sale,en,2,NOUN
successor,en,2,NOUN
cabinet,en,9,NOUN
evening,en,5,NOUN
singing,en,3,NOUN
mail,en,1,NOUN
mode,en,1,NOUN
priest,en,9,NOUN
trophy,en,1,NOUN
snow,en,10,NOUN
shop,en,12,NOUN
coal,en,2,NOUN
error,en,2,NOUN
accident,en,3,NOUN
wine,en,12,NOUN
landing,en,1,NOUN
conduct,en,11,NOUN
vision,en,1,NOUN
scheme,en,2,NOUN
ceremony,en,19,NOUN
scholar,en,2,NOUN
hero,en,4,NOUN
hair,en,26,NOUN
window,en,17,NOUN
leg,en,6,NOUN
instrument,en,6,NOUN
covering,en,2,NOUN
roof,en,9,NOUN
colour,en,14,NOUN
steam,en,1,NOUN
journey,en,38,NOUN
soldier,en,6,NOUN
skin,en,5,NOUN
phrase,en,3,NOUN
advantage,en,14,NOUN
goods,en,4,NOUN
explanation,en,1,NOUN
threat,en,1,NOUN
relief,en,4,NOUN
poverty,en,3,NOUN
permission,en,9,NOUN
gate,en,8,NOUN
roll,en,2,NOUN
principle,en,2,NOUN
ridge,en,1,NOUN
monument,en,2,NOUN
expression,en,10,NOUN
wheel,en,1,NOUN
ambassador,en,7,NOUN
desert,en,7,NOUN
uncle,en,1,NOUN
rain,en,5,NOUN
admiral,en,6,NOUN
fishing,en,1,NOUN
fear,en,18,NOUN
merit,en,5,NOUN
poem,en,1,NOUN
proof,en,10,NOUN
mouth,en,5,NOUN
virgin,en,7,NOUN
beauty,en,55,NOUN
baker,en,1,NOUN
cook,en,3,NOUN
shore,en,2,NOUN
tone,en,1,NOUN
reception,en,2,NOUN
adventure,en,8,NOUN
horror,en,5,NOUN
reputation,en,3,NOUN
interpretation,en,2,NOUN
commerce,en,6,NOUN
oak,en,1,NOUN
angel,en,6,NOUN
extent,en,3,NOUN
superior,en,3,NOUN
relation,en,20,NOUN
shell,en,4,NOUN
comparison,en,2,NOUN
basin,en,5,NOUN
charity,en,4,NOUN
representation,en,3,NOUN
plate,en,3,NOUN
landscape,en,1,NOUN
guardian,en,2,NOUN
eighth,en,2,NOUN
riding,en,2,NOUN
arrival,en,4,NOUN
prose,en,2,NOUN
volunteer,en,1,NOUN
fun,en,1,NOUN
grace,en,6,NOUN
honour,en,39,NOUN
soil,en,3,NOUN
possibility,en,3,NOUN
ghost,en,1,NOUN
elevation,en,1,NOUN
waste,en,1,NOUN
fruit,en,15,NOUN
crystal,en,1,NOUN
monastery,en,3,NOUN
stream,en,4,NOUN
predecessor,en,1,NOUN
pain,en,13,NOUN
suggestion,en,1,NOUN
coat,en,2,NOUN
behaviour,en,3,NOUN
merchant,en,8,NOUN
employment,en,5,NOUN
statue,en,14,NOUN
wonder,en,13,NOUN
waiting,en,1,NOUN
patient,en,1,NOUN
belief,en,1,NOUN
visitor,en,1,NOUN
hole,en,2,NOUN
passage,en,10,NOUN
wedding,en,1,NOUN
revenue,en,2,NOUN
suit,en,2,NOUN
sculpture,en,2,NOUN
wolf,en,1,NOUN
conclusion,en,5,NOUN
diamond,en,26,NOUN
liberty,en,27,NOUN
siege,en,8,NOUN
inch,en,2,NOUN
absence,en,1,NOUN
regard,en,5,NOUN
pole,en,1,NOUN
tail,en,2,NOUN
stable,en,3,NOUN
vessel,en,5,NOUN
hearing,en,2,NOUN
falling,en,1,NOUN
villa,en,3,NOUN
rival,en,1,NOUN
inquiry,en,5,NOUN
belt,en,1,NOUN
submission,en,2,NOUN
mystery,en,2,NOUN
walking,en,1,NOUN
clock,en,2,NOUN
distinction,en,4,NOUN
pen,en,1,NOUN
transition,en,1,NOUN
citizen,en,1,NOUN
appointment,en,1,NOUN
angle,en,1,NOUN
ninth,en,1,NOUN
exercise,en,3,NOUN
resort,en,2,NOUN
dancing,en,5,NOUN
tribute,en,1,NOUN
bed,en,12,NOUN
hunting,en,2,NOUN
voyage,en,7,NOUN
affair,en,8,NOUN
item,en,1,NOUN
cap,en,4,NOUN
throne,en,3,NOUN
grandfather,en,1,NOUN
flower,en,18,NOUN
meat,en,4,NOUN
moral,en,2,NOUN
grove,en,5,NOUN
tea,en,5,NOUN
heaven,en,6,NOUN
aspect,en,1,NOUN
intention,en,1,NOUN
pat,en,1,NOUN
suffering,en,1,NOUN
globe,en,1,NOUN
experiment,en,2,NOUN
diameter,en,1,NOUN
plenty,en,8,NOUN
sword,en,1,NOUN
rebellion,en,3,NOUN
physician,en,1,NOUN
cloud,en,4,NOUN
noise,en,4,NOUN
beer,en,1,NOUN
loop,en,2,NOUN
hat,en,2,NOUN
coffee,en,13,NOUN
chancellor,en,1,NOUN
apartment,en,26,NOUN
harbour,en,1,NOUN
devil,en,3,NOUN
sultan,en,24,NOUN
milk,en,3,NOUN
romance,en,1,NOUN
mistake,en,4,NOUN
remainder,en,1,NOUN
sum,en,3,NOUN
mythology,en,1,NOUN
confusion,en,3,NOUN
occasion,en,33,NOUN
possession,en,7,NOUN
reverse,en,1,NOUN
cotton,en,1,NOUN
sitting,en,1,NOUN
bone,en,2,NOUN
monster,en,2,NOUN
succession,en,1,NOUN
kid,en,1,NOUN
delivery,en,2,NOUN
slave,en,26,NOUN
favour,en,8,NOUN
printing,en,1,NOUN
theology,en,1,NOUN
reed,en,1,NOUN
debt,en,2,NOUN
bath,en,9,NOUN
custom,en,27,NOUN
profession,en,2,NOUN
grass,en,1,NOUN
suburb,en,2,NOUN
pearl,en,20,NOUN
chorus,en,4,NOUN
cattle,en,1,NOUN
tale,en,3,NOUN
jet,en,1,NOUN
horn,en,3,NOUN
pine,en,1,NOUN
button,en,6,NOUN
neck,en,10,NOUN
vanity,en,3,NOUN
gift,en,2,NOUN
prayer,en,4,NOUN
danger,en,8,NOUN
isle,en,1,NOUN
conversation,en,14,NOUN
inn,en,6,NOUN
ba,en,2,NOUN
illness,en,1,NOUN
dress,en,65,NOUN
autumn,en,1,NOUN
difficulty,en,3,NOUN
wealth,en,4,NOUN
pride,en,2,NOUN
friendship,en,6,NOUN
corruption,en,2,NOUN
examination,en,1,NOUN
luck,en,2,NOUN
im,en,1,NOUN
preparation,en,1,NOUN
declaration,en,3,NOUN
discipline,en,1,NOUN
compound,en,2,NOUN
wire,en,1,NOUN
verse,en,16,NOUN
congregation,en,1,NOUN
drinking,en,1,NOUN
companion,en,2,NOUN
consideration,en,4,NOUN
fate,en,1,NOUN
excellence,en,1,NOUN
nonsense,en,2,NOUN
contrary,en,6,NOUN
mosque,en,22,NOUN
impression,en,1,NOUN
dancer,en,1,NOUN
anchor,en,1,NOUN
disorder,en,3,NOUN
observation,en,6,NOUN
judgment,en,3,NOUN
prisoner,en,4,NOUN
dome,en,6,NOUN
sight,en,15,NOUN
fortune,en,7,NOUN
tomb,en,6,NOUN
garrison,en,10,NOUN
eating,en,3,NOUN
doctrine,en,2,NOUN
dollar,en,1,NOUN
consumption,en,1,NOUN
sheet,en,1,NOUN
confidence,en,2,NOUN
breeding,en,5,NOUN
arch,en,6,NOUN
punishment,en,3,NOUN
lighting,en,1,NOUN
taste,en,17,NOUN
payment,en,1,NOUN
militia,en,1,NOUN
afternoon,en,1,NOUN
scandal,en,5,NOUN
widow,en,11,NOUN
witness,en,3,NOUN
diet,en,1,NOUN
fringe,en,2,NOUN
passion,en,19,NOUN
joy,en,7,NOUN
kitchen,en,3,NOUN
comedian,en,1,NOUN
arsenal,en,1,NOUN
gravity,en,4,NOUN
frontier,en,5,NOUN
slavery,en,3,NOUN
hood,en,1,NOUN
tributary,en,1,NOUN
commanding,en,1,NOUN
midnight,en,2,NOUN
diversity,en,1,NOUN
complaint,en,3,NOUN
egg,en,3,NOUN
conquest,en,5,NOUN
lover,en,16,NOUN
sin,en,2,NOUN
cannon,en,1,NOUN
catalogue,en,1,NOUN
sheep,en,3,NOUN
sculptor,en,1,NOUN
praise,en,7,NOUN
spy,en,1,NOUN
twentieth,en,1,NOUN
engagement,en,1,NOUN
dinner,en,10,NOUN
retreat,en,2,NOUN
fault,en,5,NOUN
pound,en,9,NOUN
glory,en,4,NOUN
skill,en,4,NOUN
breed,en,6,NOUN
pipe,en,2,NOUN
heir,en,4,NOUN
tissue,en,1,NOUN
monarch,en,2,NOUN
favourite,en,13,NOUN
mixture,en,6,NOUN
servant,en,7,NOUN
maker,en,1,NOUN
nose,en,1,NOUN
pace,en,4,NOUN
thunder,en,2,NOUN
monk,en,1,NOUN
jam,en,5,NOUN
goddess,en,2,NOUN
notion,en,13,NOUN
lightning,en,1,NOUN
pond,en,2,NOUN
toy,en,2,NOUN
nurse,en,2,NOUN
patron,en,1,NOUN
ash,en,3,NOUN
smoke,en,1,NOUN
grain,en,1,NOUN
bench,en,1,NOUN
paradise,en,3,NOUN
nobility,en,2,NOUN
tomorrow,en,1,NOUN
agenda,en,1,NOUN
provision,en,3,NOUN
humanity,en,2,NOUN
terror,en,3,NOUN
shoulder,en,9,NOUN
bunch,en,1,NOUN
knee,en,4,NOUN
travelling,en,6,NOUN
consequence,en,3,NOUN
furniture,en,8,NOUN
refuge,en,1,NOUN
vale,en,1,NOUN
paste,en,1,NOUN
convoy,en,3,NOUN
preference,en,3,NOUN
tune,en,4,NOUN
harmony,en,2,NOUN
pocket,en,2,NOUN
treasury,en,1,NOUN
clothes,en,11,NOUN
fur,en,7,NOUN
marble,en,38,NOUN
motto,en,4,NOUN
brass,en,2,NOUN
bag,en,3,NOUN
skull,en,2,NOUN
quantity,en,11,NOUN
barrier,en,1,NOUN
silence,en,2,NOUN
exterior,en,1,NOUN
imprisonment,en,1,NOUN
builder,en,1,NOUN
arrow,en,2,NOUN
bread,en,2,NOUN
nest,en,2,NOUN
prey,en,2,NOUN
mathematician,en,1,NOUN
inscription,en,8,NOUN
demonstration,en,1,NOUN
invitation,en,1,NOUN
fever,en,5,NOUN
empress,en,22,NOUN
clergy,en,1,NOUN
breast,en,4,NOUN
beast,en,3,NOUN
griffin,en,2,NOUN
proportion,en,10,NOUN
ceiling,en,1,NOUN
excess,en,3,NOUN
hanging,en,1,NOUN
invention,en,4,NOUN
manufacture,en,1,NOUN
cabin,en,1,NOUN
tongue,en,2,NOUN
fountain,en,16,NOUN
strait,en,8,NOUN
alphabet,en,1,NOUN
shirt,en,1,NOUN
acre,en,1,NOUN
finger,en,4,NOUN
spite,en,4,NOUN
troop,en,1,NOUN
corn,en,5,NOUN
pleasure,en,53,NOUN
faction,en,1,NOUN
olive,en,3,NOUN
treasurer,en,1,NOUN
sally,en,1,NOUN
silk,en,7,NOUN
pageant,en,1,NOUN
objection,en,1,NOUN
brilliant,en,1,NOUN
creature,en,14,NOUN
puppet,en,1,NOUN
ear,en,4,NOUN
altar,en,4,NOUN
discharge,en,1,NOUN
penny,en,1,NOUN
mud,en,1,NOUN
honey,en,3,NOUN
trunk,en,2,NOUN
handful,en,1,NOUN
dish,en,9,NOUN
luxury,en,3,NOUN
sake,en,3,NOUN
torture,en,1,NOUN
pavilion,en,1,NOUN
knife,en,3,NOUN
yesterday,en,16,NOUN
feast,en,3,NOUN
leather,en,1,NOUN
mercy,en,3,NOUN
bottle,en,1,NOUN
coral,en,1,NOUN
rowing,en,1,NOUN
wound,en,4,NOUN
conviction,en,1,NOUN
regent,en,1,NOUN
salary,en,2,NOUN
tragedy,en,2,NOUN
testimony,en,1,NOUN
duchess,en,10,NOUN
reflection,en,13,NOUN
booth,en,1,NOUN
courage,en,5,NOUN
ease,en,3,NOUN
rent,en,1,NOUN
verses,en,1,NOUN
keeper,en,1,NOUN
prospect,en,19,NOUN
anger,en,1,NOUN
decoration,en,2,NOUN
boot,en,2,NOUN
ribbon,en,6,NOUN
infant,en,5,NOUN
correspondent,en,4,NOUN
bride,en,11,NOUN
sailor,en,1,NOUN
burden,en,3,NOUN
ruby,en,5,NOUN
instant,en,1,NOUN
calm,en,1,NOUN
sterling,en,6,NOUN
whale,en,1,NOUN
justification,en,1,NOUN
ivory,en,3,NOUN
pot,en,5,NOUN
patriarch,en,1,NOUN
sunshine,en,1,NOUN
mob,en,5,NOUN
virtue,en,7,NOUN
carnival,en,1,NOUN
hay,en,3,NOUN
convent,en,5,NOUN
dealer,en,1,NOUN
frost,en,1,NOUN
reverend,en,2,NOUN
prohibition,en,1,NOUN
countess,en,8,NOUN
sovereignty,en,1,NOUN
breach,en,2,NOUN
rope,en,1,NOUN
pension,en,3,NOUN
spike,en,1,NOUN
accommodation,en,4,NOUN
gazette,en,1,NOUN
cloth,en,12,NOUN
strain,en,2,NOUN
consul,en,1,NOUN
coronation,en,1,NOUN
prophet,en,4,NOUN
fabric,en,1,NOUN
carriage,en,2,NOUN
yacht,en,2,NOUN
genius,en,5,NOUN
continuation,en,3,NOUN
comfort,en,5,NOUN
dwarf,en,2,NOUN
fold,en,3,NOUN
happiness,en,10,NOUN
warehouse,en,1,NOUN
miracle,en,5,NOUN
leisure,en,3,NOUN
wage,en,1,NOUN
midway,en,2,NOUN
scratch,en,1,NOUN
partition,en,1,NOUN
destiny,en,4,NOUN
persecution,en,2,NOUN
fool,en,3,NOUN
dirt,en,3,NOUN
imagination,en,4,NOUN
amusement,en,7,NOUN
ancestor,en,1,NOUN
fence,en,1,NOUN
lamb,en,2,NOUN
turtle,en,2,NOUN
cake,en,3,NOUN
curse,en,1,NOUN
habit,en,16,NOUN
exposition,en,1,NOUN
oath,en,1,NOUN
tract,en,1,NOUN
courtesy,en,3,NOUN
amber,en,1,NOUN
deity,en,1,NOUN
passport,en,1,NOUN
shame,en,2,NOUN
laurel,en,1,NOUN
stranger,en,7,NOUN
shoe,en,6,NOUN
basket,en,6,NOUN
rage,en,1,NOUN
ceremonial,en,1,NOUN
tooth,en,2,NOUN
mercer,en,1,NOUN
meal,en,2,NOUN
dominion,en,7,NOUN
medley,en,1,NOUN
marquis,en,1,NOUN
majesty,en,16,NOUN
herb,en,4,NOUN
dove,en,1,NOUN
beef,en,1,NOUN
plague,en,2,NOUN
pie,en,1,NOUN
cement,en,1,NOUN
refugee,en,1,NOUN
vintage,en,1,NOUN
gentleman,en,7,NOUN
banker,en,1,NOUN
smile,en,8,NOUN
discourse,en,4,NOUN
chin,en,1,NOUN
rite,en,1,NOUN
civility,en,15,NOUN
soup,en,1,NOUN
dissertation,en,1,NOUN
throat,en,5,NOUN
breath,en,1,NOUN
alley,en,3,NOUN
miniature,en,1,NOUN
straw,en,1,NOUN
symmetry,en,1,NOUN
necessity,en,1,NOUN
disposal,en,3,NOUN
mistress,en,11,NOUN
bud,en,1,NOUN
convenience,en,2,NOUN
shade,en,11,NOUN
lamp,en,4,NOUN
bloom,en,3,NOUN
denial,en,2,NOUN
maid,en,16,NOUN
parole,en,1,NOUN
vein,en,3,NOUN
pilgrimage,en,1,NOUN
antiquity,en,4,NOUN
duel,en,1,NOUN
darling,en,1,NOUN
harp,en,1,NOUN
sauce,en,1,NOUN
thief,en,1,NOUN
sentiment,en,5,NOUN
privilege,en,8,NOUN
captive,en,1,NOUN
wool,en,1,NOUN
lumber,en,1,NOUN
turret,en,1,NOUN
goat,en,1,NOUN
meadow,en,2,NOUN
sic,en,103,NOUN
ruin,en,15,NOUN
devotion,en,9,NOUN
noon,en,1,NOUN
niece,en,2,NOUN
patronage,en,1,NOUN
patience,en,1,NOUN
tear,en,8,NOUN
peasant,en,6,NOUN
murderer,en,1,NOUN
innocence,en,1,NOUN
abundance,en,7,NOUN
carpet,en,10,NOUN
homage,en,1,NOUN
beard,en,5,NOUN
discretion,en,4,NOUN
garland,en,5,NOUN
hazard,en,4,NOUN
obligation,en,1,NOUN
sect,en,4,NOUN
satisfaction,en,3,NOUN
butter,en,1,NOUN
repository,en,2,NOUN
lemon,en,3,NOUN
procession,en,6,NOUN
jaw,en,1,NOUN
hatred,en,1,NOUN
spire,en,1,NOUN
hut,en,2,NOUN
humour,en,8,NOUN
niche,en,1,NOUN
wax,en,4,NOUN
motive,en,2,NOUN
pigeon,en,2,NOUN
pillar,en,22,NOUN
ignorance,en,6,NOUN
tavern,en,2,NOUN
glasses,en,3,NOUN
thickness,en,1,NOUN
preacher,en,2,NOUN
resemblance,en,1,NOUN
weakness,en,3,NOUN
worm,en,1,NOUN
lip,en,1,NOUN
antique,en,2,NOUN
velvet,en,6,NOUN
toilet,en,1,NOUN
divinity,en,1,NOUN
sleeve,en,10,NOUN
saddle,en,1,NOUN
blessing,en,2,NOUN
vine,en,8,NOUN
packet,en,1,NOUN
jewel,en,21,NOUN
tent,en,5,NOUN
distress,en,1,NOUN
corpse,en,1,NOUN
conscience,en,4,NOUN
ass,en,2,NOUN
bravery,en,1,NOUN
morality,en,3,NOUN
compass,en,4,NOUN
curtain,en,1,NOUN
liquor,en,2,NOUN
bleeding,en,1,NOUN
cascade,en,2,NOUN
mankind,en,12,NOUN
creed,en,1,NOUN
remark,en,3,NOUN
lent,en,2,NOUN
glance,en,1,NOUN
repetition,en,2,NOUN
wit,en,8,NOUN
wight,en,1,NOUN
merchandise,en,4,NOUN
midst,en,14,NOUN
needle,en,3,NOUN
courier,en,4,NOUN
ascent,en,1,NOUN
lattice,en,6,NOUN
regret,en,5,NOUN
exemption,en,1,NOUN
hint,en,2,NOUN
grief,en,3,NOUN
nun,en,4,NOUN
maxim,en,1,NOUN
bliss,en,2,NOUN
assurance,en,1,NOUN
ditch,en,2,NOUN
steward,en,2,NOUN
proceeding,en,1,NOUN
prophecy,en,1,NOUN
livery,en,1,NOUN
deed,en,1,NOUN
spear,en,1,NOUN
expectation,en,2,NOUN
serpent,en,1,NOUN
nail,en,2,NOUN
scrap,en,1,NOUN
ransom,en,2,NOUN
curiosity,en,34,NOUN
emerald,en,8,NOUN
mutiny,en,1,NOUN
hind,en,1,NOUN
apostle,en,2,NOUN
preface,en,1,NOUN
ensign,en,1,NOUN
disappointment,en,2,NOUN
nut,en,1,NOUN
pardon,en,8,NOUN
muse,en,1,NOUN
sermon,en,2,NOUN
manners,en,9,NOUN
scripture,en,3,NOUN
atheist,en,1,NOUN
fam,en,1,NOUN
spice,en,1,NOUN
encouragement,en,1,NOUN
dart,en,1,NOUN
affection,en,3,NOUN
canopy,en,2,NOUN
gesture,en,3,NOUN
tiffany,en,1,NOUN
limb,en,1,NOUN
vineyard,en,1,NOUN
pamphlet,en,1,NOUN
cheek,en,3,NOUN
camel,en,3,NOUN
fig,en,2,NOUN
heron,en,1,NOUN
interpreter,en,5,NOUN
remembrance,en,1,NOUN
feather,en,3,NOUN
elbow,en,1,NOUN
plaster,en,1,NOUN
dissent,en,1,NOUN
inclination,en,9,NOUN
weed,en,2,NOUN
elector,en,4,NOUN
brethren,en,1,NOUN
vain,en,5,NOUN
severity,en,1,NOUN
shower,en,1,NOUN
envoy,en,6,NOUN
caravan,en,1,NOUN
serge,en,1,NOUN
scar,en,1,NOUN
thorn,en,1,NOUN
delight,en,4,NOUN
epithet,en,2,NOUN
amour,en,3,NOUN
sickness,en,1,NOUN
negotiation,en,1,NOUN
efficacy,en,1,NOUN
traveller,en,13,NOUN
pencil,en,4,NOUN
novelty,en,5,NOUN
contempt,en,2,NOUN
spectator,en,2,NOUN
defect,en,3,NOUN
hedge,en,1,NOUN
fatigue,en,12,NOUN
carving,en,1,NOUN
usher,en,1,NOUN
scribe,en,1,NOUN
neighbour,en,5,NOUN
purse,en,3,NOUN
fortification,en,4,NOUN
gallantry,en,7,NOUN
contradiction,en,2,NOUN
cypress,en,4,NOUN
disposition,en,3,NOUN
barge,en,1,NOUN
glove,en,1,NOUN
jar,en,5,NOUN
perfection,en,5,NOUN
oyster,en,1,NOUN
pity,en,8,NOUN
groom,en,2,NOUN
porcelain,en,2,NOUN
highness,en,3,NOUN
veil,en,9,NOUN
oppression,en,3,NOUN
dowager,en,1,NOUN
poultry,en,1,NOUN
sweat,en,1,NOUN
pun,en,1,NOUN
cruelty,en,1,NOUN
multitude,en,1,NOUN
waist,en,3,NOUN
commendation,en,1,NOUN
attendant,en,4,NOUN
compassion,en,4,NOUN
ox,en,1,NOUN
aristocracy,en,1,NOUN
claw,en,2,NOUN
temper,en,4,NOUN
estimation,en,1,NOUN
imitation,en,2,NOUN
lute,en,1,NOUN
thence,en,7,NOUN
beau,en,1,NOUN
vase,en,1,NOUN
aqueduct,en,3,NOUN
fidelity,en,1,NOUN
diversion,en,22,NOUN
sorrow,en,5,NOUN
gunpowder,en,1,NOUN
scent,en,2,NOUN
infancy,en,1,NOUN
candle,en,7,NOUN
allowance,en,1,NOUN
parcel,en,2,NOUN
breeze,en,2,NOUN
acquaintance,en,13,NOUN
liar,en,1,NOUN
vent,en,1,NOUN
pause,en,1,NOUN
defiance,en,1,NOUN
mule,en,1,NOUN
teller,en,1,NOUN
admiration,en,6,NOUN
omnibus,en,1,NOUN
flock,en,5,NOUN
jealousy,en,2,NOUN
crook,en,1,NOUN
temptation,en,1,NOUN
overture,en,1,NOUN
partridge,en,1,NOUN
oven,en,2,NOUN
confinement,en,4,NOUN
lace,en,5,NOUN
injustice,en,2,NOUN
nightingale,en,2,NOUN
omission,en,1,NOUN
sable,en,7,NOUN
rag,en,1,NOUN
gardener,en,3,NOUN
forehead,en,7,NOUN
pulpit,en,3,NOUN
chariot,en,1,NOUN
pavement,en,10,NOUN
supper,en,4,NOUN
champaign,en,1,NOUN
squire,en,1,NOUN
couch,en,1,NOUN
accomplishment,en,2,NOUN
breadth,en,1,NOUN
misery,en,3,NOUN
gratitude,en,2,NOUN
baggage,en,3,NOUN
pasture,en,1,NOUN
lad,en,1,NOUN
skirt,en,1,NOUN
kettle,en,1,NOUN
chairmen,en,1,NOUN
mummy,en,2,NOUN
vest,en,3,NOUN
archduke,en,1,NOUN
circumstance,en,5,NOUN
necklace,en,2,NOUN
constraint,en,1,NOUN
heap,en,2,NOUN
coarse,en,4,NOUN
goodness,en,12,NOUN
cock,en,2,NOUN
sine,en,2,NOUN
heroism,en,1,NOUN
posture,en,2,NOUN
portico,en,2,NOUN
flavour,en,1,NOUN
bumper,en,1,NOUN
prelate,en,1,NOUN
pedigree,en,1,NOUN
hurry,en,2,NOUN
prodigy,en,1,NOUN
carp,en,1,NOUN
piercing,en,1,NOUN
robe,en,7,NOUN
bargain,en,2,NOUN
nectar,en,1,NOUN
resentment,en,2,NOUN
linen,en,2,NOUN
englishman,en,1,NOUN
sulphur,en,2,NOUN
pea,en,1,NOUN
spectacle,en,3,NOUN
obedience,en,1,NOUN
regnum,en,2,NOUN
plank,en,1,NOUN
enjoyment,en,1,NOUN
geese,en,1,NOUN
vow,en,2,NOUN
symptom,en,1,NOUN
consolation,en,1,NOUN
creep,en,1,NOUN
folly,en,2,NOUN
boar,en,1,NOUN
perfume,en,8,NOUN
melon,en,1,NOUN
gown,en,4,NOUN
clasp,en,2,NOUN
bastion,en,2,NOUN
pear,en,1,NOUN
shoemaker,en,1,NOUN
plume,en,1,NOUN
vizier,en,9,NOUN
enquiry,en,1,NOUN
pedestal,en,2,NOUN
excursion,en,1,NOUN
discontent,en,1,NOUN
epistle,en,1,NOUN
stove,en,8,NOUN
solitude,en,2,NOUN
obscurity,en,1,NOUN
gallant,en,4,NOUN
robber,en,1,NOUN
rarity,en,3,NOUN
lodging,en,7,NOUN
aga,en,3,NOUN
roaring,en,1,NOUN
seamen,en,1,NOUN
tapestry,en,2,NOUN
epitaph,en,1,NOUN
mum,en,1,NOUN
wreath,en,1,NOUN
ado,en,5,NOUN
strap,en,1,NOUN
adversary,en,1,NOUN
farce,en,2,NOUN
foreigner,en,1,NOUN
envy,en,5,NOUN
malice,en,3,NOUN
fable,en,2,NOUN
brute,en,1,NOUN
isthmus,en,1,NOUN
lisp,en,1,NOUN
reaper,en,1,NOUN
pudding,en,1,NOUN
loaf,en,1,NOUN
madam,en,25,NOUN
circumference,en,2,NOUN
obelisk,en,1,NOUN
stair,en,7,NOUN
whisper,en,3,NOUN
warmth,en,3,NOUN
disgrace,en,2,NOUN
quarrel,en,8,NOUN
embroidery,en,8,NOUN
cloister,en,4,NOUN
piety,en,1,NOUN
rambling,en,1,NOUN
pence,en,1,NOUN
generosity,en,4,NOUN
bracelet,en,2,NOUN
bribe,en,3,NOUN
quid,en,1,NOUN
applause,en,1,NOUN
ornament,en,5,NOUN
quarantine,en,1,NOUN
counsellor,en,1,NOUN
extremity,en,2,NOUN
passer,en,1,NOUN
cough,en,1,NOUN
stork,en,1,NOUN
stag,en,3,NOUN
parting,en,1,NOUN
dread,en,1,NOUN
causa,en,1,NOUN
admirer,en,1,NOUN
zeal,en,5,NOUN
greatness,en,1,NOUN
abbess,en,2,NOUN
wig,en,3,NOUN
cupola,en,4,NOUN
hypocrisy,en,1,NOUN
tulip,en,1,NOUN
mischief,en,1,NOUN
annunciation,en,1,NOUN
recollection,en,1,NOUN
forfeit,en,1,NOUN
agony,en,2,NOUN
beggar,en,2,NOUN
fortnight,en,3,NOUN
indifference,en,3,NOUN
rake,en,1,NOUN
sledge,en,1,NOUN
tub,en,1,NOUN
adoration,en,3,NOUN
intrigue,en,3,NOUN
penance,en,2,NOUN
metamorphosis,en,1,NOUN
moderation,en,1,NOUN
dung,en,1,NOUN
plough,en,1,NOUN
ridicule,en,2,NOUN
thirst,en,1,NOUN
roast,en,1,NOUN
richness,en,2,NOUN
courtier,en,1,NOUN
wearer,en,1,NOUN
tempore,en,1,NOUN
compliment,en,22,NOUN
masquerade,en,1,NOUN
promontory,en,4,NOUN
emulation,en,1,NOUN
pew,en,1,NOUN
humility,en,2,NOUN
superstition,en,2,NOUN
pebble,en,1,NOUN
galley,en,1,NOUN
edifice,en,1,NOUN
remorse,en,1,NOUN
misfortune,en,5,NOUN
rump,en,1,NOUN
veneration,en,1,NOUN
vermilion,en,1,NOUN
haste,en,6,NOUN
doge,en,2,NOUN
nymph,en,3,NOUN
satin,en,1,NOUN
veracity,en,2,NOUN
swain,en,2,NOUN
cushion,en,9,NOUN
neuter,en,1,NOUN
sincerity,en,2,NOUN
loom,en,2,NOUN
cur,en,1,NOUN
virginity,en,1,NOUN
reverence,en,1,NOUN
rapture,en,2,NOUN
prerogative,en,2,NOUN
kneeling,en,1,NOUN
devotee,en,1,NOUN
pheasant,en,1,NOUN
scarf,en,1,NOUN
crucifix,en,3,NOUN
postscript,en,1,NOUN
grandeur,en,2,NOUN
treachery,en,1,NOUN
elegy,en,1,NOUN
curiam,en,1,NOUN
aversion,en,3,NOUN
stool,en,1,NOUN
haram,en,1,NOUN
noblemen,en,1,NOUN
mufti,en,1,NOUN
fowl,en,3,NOUN
schoolmaster,en,1,NOUN
snuff,en,1,NOUN
exaggeration,en,1,NOUN
gilt,en,15,NOUN
displeasure,en,1,NOUN
possum,en,1,NOUN
stupidity,en,3,NOUN
inconvenience,en,2,NOUN
decency,en,1,NOUN
parson,en,1,NOUN
shilling,en,1,NOUN
matron,en,1,NOUN
towel,en,1,NOUN
bead,en,1,NOUN
contemplation,en,1,NOUN
drawer,en,3,NOUN
nutshell,en,1,NOUN
sofa,en,13,NOUN
oxen,en,2,NOUN
sepulchre,en,2,NOUN
cookery,en,1,NOUN
stiffness,en,1,NOUN
modesty,en,1,NOUN
servitude,en,1,NOUN
brow,en,3,NOUN
eunuch,en,4,NOUN
rampart,en,1,NOUN
excellency,en,3,NOUN
fondness,en,2,NOUN
incursion,en,1,NOUN
midwife,en,1,NOUN
dresser,en,1,NOUN
aloe,en,1,NOUN
spleen,en,1,NOUN
laity,en,1,NOUN
inhabitant,en,4,NOUN
exclamation,en,1,NOUN
vapour,en,1,NOUN
deceit,en,1,NOUN
heretics,en,1,NOUN
stocking,en,1,NOUN
basset,en,1,NOUN
parlour,en,1,NOUN
absurdity,en,2,NOUN
formality,en,1,NOUN
sweetness,en,8,NOUN
antiquary,en,3,NOUN
slipper,en,2,NOUN
splendor,en,1,NOUN
florin,en,1,NOUN
broth,en,1,NOUN
carcass,en,1,NOUN
indulgence,en,1,NOUN
diverting,en,1,NOUN
wafer,en,1,NOUN
piquet,en,1,NOUN
cripple,en,1,NOUN
fortitude,en,1,NOUN
archduchess,en,1,NOUN
countryman,en,1,NOUN
garret,en,1,NOUN
nunnery,en,1,NOUN
precaution,en,1,NOUN
imperium,en,3,NOUN
proverb,en,1,NOUN
girdle,en,4,NOUN
impartiality,en,1,NOUN
tenderness,en,4,NOUN
grievance,en,1,NOUN
pippin,en,1,NOUN
eloquence,en,1,NOUN
gallop,en,1,NOUN
woolen,en,2,NOUN
falsehood,en,3,NOUN
woodbine,en,1,NOUN
vagabond,en,1,NOUN
granary,en,1,NOUN
puddle,en,1,NOUN
jest,en,1,NOUN
carnation,en,1,NOUN
vial,en,1,NOUN
canister,en,1,NOUN
complexion,en,7,NOUN
retinue,en,1,NOUN
alabaster,en,1,NOUN
mourn,en,3,NOUN
indignation,en,2,NOUN
laziness,en,5,NOUN
statuary,en,1,NOUN
subordination,en,2,NOUN
smock,en,3,NOUN
repose,en,5,NOUN
splendour,en,1,NOUN
cistern,en,2,NOUN
expedient,en,2,NOUN
ermine,en,3,NOUN
sowing,en,1,NOUN
apothecary,en,2,NOUN
scimitar,en,2,NOUN
bridegroom,en,1,NOUN
baboon,en,1,NOUN
workmanship,en,1,NOUN
dashing,en,1,NOUN
politeness,en,3,NOUN
raz,en,1,NOUN
handkerchief,en,10,NOUN
candlestick,en,3,NOUN
agate,en,2,NOUN
supposition,en,1,NOUN
generality,en,1,NOUN
deformity,en,3,NOUN
tradesmen,en,2,NOUN
enchantment,en,5,NOUN
hann,en,1,NOUN
scythe,en,1,NOUN
arrears,en,1,NOUN
vigour,en,1,NOUN
urbe,en,1,NOUN
petticoat,en,7,NOUN
spout,en,1,NOUN
bulwark,en,1,NOUN
stoop,en,1,NOUN
refreshment,en,3,NOUN
blackness,en,1,NOUN
precept,en,1,NOUN
jeweller,en,3,NOUN
quackery,en,1,NOUN
porphyry,en,2,NOUN
rebus,en,1,NOUN
pox,en,4,NOUN
alm,en,1,NOUN
brim,en,1,NOUN
lustre,en,1,NOUN
divan,en,2,NOUN
threshing,en,1,NOUN
hardiness,en,1,NOUN
countenance,en,3,NOUN
damsel,en,2,NOUN
elysium,en,1,NOUN
silken,en,1,NOUN
grate,en,4,NOUN
bosom,en,5,NOUN
feasting,en,1,NOUN
bough,en,1,NOUN
clove,en,1,NOUN
confidante,en,1,NOUN
churning,en,1,NOUN
irregularity,en,1,NOUN
coolness,en,1,NOUN
ombre,en,2,NOUN
wrinkle,en,1,NOUN
pestilence,en,1,NOUN
extravagance,en,1,NOUN
idem,en,1,NOUN
affront,en,2,NOUN
flattery,en,2,NOUN
profusion,en,4,NOUN
haft,en,1,NOUN
impatience,en,3,NOUN
infidel,en,3,NOUN
brocade,en,9,NOUN
libertine,en,1,NOUN
deism,en,1,NOUN
spoonful,en,1,NOUN
balm,en,2,NOUN
pretence,en,2,NOUN
curiae,en,1,NOUN
arbour,en,1,NOUN
tincture,en,1,NOUN
matrimony,en,1,NOUN
softness,en,2,NOUN
tassel,en,3,NOUN
massy,en,2,NOUN
bassa,en,25,NOUN
ugliness,en,1,NOUN
lozenge,en,1,NOUN
stile,en,2,NOUN
rigour,en,2,NOUN
magnificence,en,22,NOUN
embellishment,en,1,NOUN
wickedness,en,3,NOUN
apotheosis,en,1,NOUN
quire,en,1,NOUN
solemnity,en,1,NOUN
tranquillity,en,1,NOUN
constancy,en,2,NOUN
deposing,en,1,NOUN
quilting,en,1,NOUN
napkin,en,5,NOUN
precipice,en,3,NOUN
waistcoat,en,2,NOUN
gauze,en,3,NOUN
pail,en,1,NOUN
hieroglyphics,en,1,NOUN
mortification,en,7,NOUN
adornment,en,1,NOUN
frown,en,1,NOUN
mien,en,2,NOUN
subjection,en,3,NOUN
cocking,en,1,NOUN
arche,en,5,NOUN
approbation,en,1,NOUN
artifice,en,1,NOUN
bodkin,en,5,NOUN
trifle,en,2,NOUN
jot,en,1,NOUN
venison,en,2,NOUN
imperfection,en,1,NOUN
quickness,en,1,NOUN
muslin,en,1,NOUN
demigod,en,1,NOUN
tillage,en,1,NOUN
stratagem,en,1,NOUN
calmness,en,1,NOUN
digression,en,3,NOUN
bushel,en,1,NOUN
casus,en,1,NOUN
nomine,en,1,NOUN
artificer,en,3,NOUN
pageantry,en,1,NOUN
sherbet,en,5,NOUN
risque,en,1,NOUN
parishioner,en,1,NOUN
nastiness,en,1,NOUN
catacomb,en,1,NOUN
transubstantiation,en,2,NOUN
deist,en,1,NOUN
frailty,en,2,NOUN
partiality,en,4,NOUN
pasty,en,1,NOUN
indiscretion,en,3,NOUN
jessamine,en,3,NOUN
coquette,en,2,NOUN
particularity,en,2,NOUN
chaise,en,5,NOUN
childbearing,en,1,NOUN
lank,en,1,NOUN
parterre,en,2,NOUN
abridgement,en,1,NOUN
pacem,en,1,NOUN
insigne,en,1,NOUN
buffoon,en,1,NOUN
damask,en,4,NOUN
waggon,en,3,NOUN
imputation,en,1,NOUN
preferment,en,2,NOUN
affectation,en,5,NOUN
craw,en,1,NOUN
distemper,en,5,NOUN
finery,en,3,NOUN
pennyworth,en,1,NOUN
endeavouring,en,1,NOUN
chambermaid,en,2,NOUN
oppressor,en,1,NOUN
popery,en,1,NOUN
phlegm,en,1,NOUN
contrivance,en,2,NOUN
pretension,en,1,NOUN
centum,en,2,NOUN
honore,en,1,NOUN
dishonour,en,1,NOUN
nostro,en,1,NOUN
exactness,en,1,NOUN
obstinacy,en,2,NOUN
liberality,en,1,NOUN
wench,en,1,NOUN
soldiery,en,1,NOUN
bather,en,1,NOUN
abhorrence,en,1,NOUN
watermen,en,1,NOUN
indolence,en,1,NOUN
cudgel,en,1,NOUN
seraglio,en,11,NOUN
provinciale,en,1,NOUN
barbarity,en,1,NOUN
extremo,en,1,NOUN
cheerfulness,en,1,NOUN
ducat,en,3,NOUN
neatness,en,3,NOUN
swiftness,en,4,NOUN
gorget,en,1,NOUN
impiety,en,1,NOUN
vivacity,en,6,NOUN
topaze,en,1,NOUN
sublimity,en,1,NOUN
footmen,en,2,NOUN
tippet,en,1,NOUN
smirk,en,1,NOUN
candour,en,1,NOUN
syren,en,1,NOUN
suckle,en,2,NOUN
prude,en,2,NOUN
cadi,en,3,NOUN
censer,en,1,NOUN
plebe,en,1,NOUN
sexe,en,1,NOUN
bason,en,2,NOUN
ubique,en,1,NOUN
ingratitude,en,1,NOUN
propter,en,1,NOUN
tragedian,en,1,NOUN
dauber,en,1,NOUN
furrier,en,1,NOUN
gild,en,2,NOUN
voiture,en,3,NOUN
wenche,en,2,NOUN
ravelin,en,2,NOUN
truncheon,en,1,NOUN
trencher,en,1,NOUN
spahis,en,1,NOUN
husbandman,en,1,NOUN
marito,en,1,NOUN
equestris,en,1,NOUN
tamen,en,1,NOUN
seasickness,en,1,NOUN
scruple,en,8,NOUN
embroiderer,en,1,NOUN
coachmen,en,1,NOUN
impudence,en,4,NOUN
plebis,en,1,NOUN
footstep,en,1,NOUN
civitatis,en,1,NOUN
jonquil,en,2,NOUN
utilis,en,1,NOUN
hovel,en,2,NOUN
senatore,en,2,NOUN
osier,en,1,NOUN
bashaw,en,1,NOUN
schismatics,en,1,NOUN
equipage,en,4,NOUN
salver,en,1,NOUN
ladyship,en,12,NOUN
footstool,en,1,NOUN
baluster,en,1,NOUN
crape,en,4,NOUN
entreaty,en,1,NOUN
virorum,en,1,NOUN
reprobate,en,1,NOUN
habitant,en,1,NOUN
wretchedness,en,2,NOUN
virum,en,1,NOUN
mildness,en,1,NOUN
fidem,en,1,NOUN
felucca,en,1,NOUN
illum,en,1,NOUN
barrenness,en,1,NOUN
vobis,en,3,NOUN
plunderer,en,1,NOUN
sodalis,en,1,NOUN
bigness,en,1,NOUN
epithalamium,en,2,NOUN
partem,en,1,NOUN
hazle,en,1,NOUN
largeness,en,1,NOUN
husbandmen,en,1,NOUN
sardonyx,en,1,NOUN
suae,en,1,NOUN
hankering,en,1,NOUN
sweetmeat,en,2,NOUN
consulari,en,1,NOUN
provinciae,en,1,NOUN
gulph,en,1,NOUN
inconstancy,en,1,NOUN
nicety,en,1,NOUN
dulness,en,3,NOUN
prudery,en,1,NOUN
giddiness,en,1,NOUN
quidem,en,5,NOUN
tribuno,en,1,NOUN
mountebank,en,1,NOUN
reprobation,en,1,NOUN
auctore,en,1,NOUN
dignitatis,en,1,NOUN
gloriae,en,1,NOUN
commonalty,en,1,NOUN
affability,en,2,NOUN
ambassadress,en,6,NOUN
ragout,en,1,NOUN
baseness,en,1,NOUN
annorum,en,1,NOUN
montem,en,1,NOUN
perquisite,en,2,NOUN
notae,en,1,NOUN
insensibility,en,1,NOUN
solidum,en,1,NOUN
exercitus,en,1,NOUN
domum,en,1,NOUN
follie,en,2,NOUN
drub,en,1,NOUN
superfluity,en,1,NOUN
bonorum,en,1,NOUN
publice,en,1,NOUN
granate,en,1,NOUN
postilion,en,1,NOUN
bagnio,en,6,NOUN
nosegay,en,1,NOUN
merchandize,en,2,NOUN
expence,en,10,NOUN
nostris,en,1,NOUN
loadstone,en,1,NOUN
kisse,en,1,NOUN
besieger,en,1,NOUN
buffaloe,en,2,NOUN
alcoran,en,3,NOUN
fourscore,en,1,NOUN
tresse,en,4,NOUN
pacquet,en,2,NOUN
cogitation,en,1,NOUN
ornare,en,1,NOUN
utilitate,en,1,NOUN
flambeaux,en,1,NOUN
importunity,en,2,NOUN
pierc,en,1,NOUN
twelvemonth,en,2,NOUN
suorum,en,1,NOUN
officiousness,en,1,NOUN
civitatem,en,1,NOUN
littleness,en,1,NOUN
signior,en,19,NOUN
gypsie,en,1,NOUN
sattin,en,4,NOUN
refection,en,1,NOUN
majore,en,2,NOUN
provinciarum,en,1,NOUN
termino,en,1,NOUN
raillery,en,3,NOUN
heathenish,en,2,NOUN
facultate,en,1,NOUN
turkie,en,1,NOUN
postquam,en,3,NOUN
honoribus,en,1,NOUN
meae,en,1,NOUN
ribband,en,1,NOUN
conveniency,en,8,NOUN
provinciali,en,1,NOUN
provideo,en,1,NOUN
ratafia,en,1,NOUN
statim,en,1,NOUN
tailly,en,1,NOUN
primam,en,2,NOUN
experimento,en,1,NOUN
sprightliness,en,1,NOUN
magnas,en,1,NOUN
creato,en,1,NOUN
effendis,en,1,NOUN
janizary,en,19,NOUN
otherway,en,1,NOUN
masquing,en,1,NOUN
potior,en,1,NOUN
tergo,en,1,NOUN
reditum,en,1,NOUN
plusquam,en,1,NOUN
miserabili,en,1,NOUN
consulibus,en,1,NOUN
journy,en,1,NOUN
coloniarum,en,1,NOUN
bramin,en,1,NOUN
farewel,en,1,NOUN
ravisher,en,1,NOUN
traineau,en,1,NOUN
seraskier,en,2,NOUN
digito,en,1,NOUN
loyality,en,1,NOUN
translatum,en,1,NOUN
portress,en,1,NOUN
cloath,en,2,NOUN
recompence,en,1,NOUN
quakery,en,1,NOUN
hereabout,en,1,NOUN
colonade,en,1,NOUN
landskip,en,1,NOUN
chusing,en,1,NOUN
relick,en,6,NOUN
dervise,en,4,NOUN
consulatum,en,1,NOUN
censurae,en,1,NOUN
florem,en,1,NOUN
distributum,en,1,NOUN
oceanum,en,1,NOUN
ornamentum,en,1,NOUN
valentius,en,1,NOUN
cervice,en,1,NOUN
pagod,en,1,NOUN
nobilissimum,en,1,NOUN
consulare,en,1,NOUN
venien,en,1,NOUN
methink,en,1,NOUN
incretus,en,1,NOUN
reliquis,en,1,NOUN
est,fr,1,NOUN
été,fr,12,NOUN
an,fr,42,NOUN
naissance,fr,6,NOUN
fait,fr,5,NOUN
nom,fr,22,NOUN
lieu,fr,34,NOUN
commune,fr,1,NOUN
ville,fr,121,NOUN
date,fr,1,NOUN
pays,fr,82,NOUN
source,fr,2,NOUN
titre,fr,10,NOUN
monde,fr,59,NOUN
nord,fr,3,NOUN
liste,fr,5,NOUN
partie,fr,39,NOUN
article,fr,5,NOUN
guerre,fr,10,NOUN
saison,fr,3,NOUN
fin,fr,23,NOUN
vers,fr,26,NOUN
année,fr,14,NOUN
temps,fr,1,NOUN
histoire,fr,18,NOUN
joueur,fr,1,NOUN
tour,fr,25,NOUN
mort,fr,28,NOUN
pierre,fr,29,NOUN
région,fr,1,NOUN
fois,fr,38,NOUN
septembre,fr,1,NOUN
état,fr,26,NOUN
église,fr,34,NOUN
place,fr,18,NOUN
famille,fr,20,NOUN
général,fr,41,NOUN
politique,fr,2,NOUN
décembre,fr,1,NOUN
août,fr,1,NOUN
prix,fr,16,NOUN
nouvelle,fr,21,NOUN
février,fr,1,NOUN
ligne,fr,1,NOUN
suite,fr,12,NOUN
image,fr,9,NOUN
vie,fr,23,NOUN
lien,fr,1,NOUN
page,fr,1,NOUN
centre,fr,1,NOUN
cours,fr,8,NOUN
village,fr,19,NOUN
nombre,fr,37,NOUN
or,fr,33,NOUN
coupe,fr,1,NOUN
homme,fr,81,NOUN
société,fr,5,NOUN
cas,fr,20,NOUN
jeu,fr,5,NOUN
genre,fr,10,NOUN
musique,fr,12,NOUN
fils,fr,16,NOUN
roi,fr,37,NOUN
parti,fr,9,NOUN
jour,fr,75,NOUN
forme,fr,13,NOUN
origine,fr,1,NOUN
ordre,fr,18,NOUN
château,fr,10,NOUN
école,fr,2,NOUN
part,fr,18,NOUN
rue,fr,24,NOUN
chef,fr,4,NOUN
exemple,fr,11,NOUN
rapport,fr,4,NOUN
art,fr,16,NOUN
point,fr,156,NOUN
compte,fr,5,NOUN
armée,fr,8,NOUN
eau,fr,23,NOUN
projet,fr,8,NOUN
province,fr,1,NOUN
maison,fr,74,NOUN
demande,fr,1,NOUN
fonction,fr,4,NOUN
membre,fr,1,NOUN
droit,fr,6,NOUN
mois,fr,20,NOUN
république,fr,1,NOUN
service,fr,10,NOUN
langue,fr,23,NOUN
gouvernement,fr,7,NOUN
argent,fr,33,NOUN
style,fr,2,NOUN
face,fr,2,NOUN
ministre,fr,6,NOUN
théâtre,fr,5,NOUN
scène,fr,7,NOUN
auteur,fr,10,NOUN
reste,fr,33,NOUN
seconde,fr,2,NOUN
âge,fr,8,NOUN
effet,fr,18,NOUN
espèce,fr,10,NOUN
raison,fr,8,NOUN
modèle,fr,2,NOUN
travail,fr,6,NOUN
femme,fr,157,NOUN
terre,fr,18,NOUN
allemand,fr,10,NOUN
porte,fr,22,NOUN
bataille,fr,4,NOUN
corps,fr,25,NOUN
route,fr,19,NOUN
royaume,fr,4,NOUN
bronze,fr,2,NOUN
livre,fr,11,NOUN
haut,fr,17,NOUN
fille,fr,34,NOUN
but,fr,1,NOUN
tête,fr,45,NOUN
territoire,fr,2,NOUN
union,fr,3,NOUN
construction,fr,2,NOUN
ligue,fr,1,NOUN
chanson,fr,3,NOUN
poste,fr,8,NOUN
culture,fr,1,NOUN
empire,fr,14,NOUN
loi,fr,14,NOUN
côté,fr,46,NOUN
mer,fr,19,NOUN
vue,fr,13,NOUN
mère,fr,1,NOUN
acteur,fr,5,NOUN
recherche,fr,3,NOUN
directeur,fr,1,NOUN
bois,fr,21,NOUN
retour,fr,11,NOUN
principale,fr,1,NOUN
terme,fr,3,NOUN
révolution,fr,1,NOUN
objet,fr,7,NOUN
question,fr,6,NOUN
plan,fr,1,NOUN
médaille,fr,7,NOUN
écrivain,fr,3,NOUN
compagnie,fr,7,NOUN
italien,fr,8,NOUN
parc,fr,1,NOUN
mouvement,fr,1,NOUN
moyen,fr,8,NOUN
peintre,fr,2,NOUN
voix,fr,5,NOUN
district,fr,1,NOUN
pont,fr,9,NOUN
air,fr,46,NOUN
sein,fr,4,NOUN
milieu,fr,18,NOUN
gauche,fr,2,NOUN
action,fr,2,NOUN
victoire,fr,4,NOUN
durée,fr,1,NOUN
sens,fr,9,NOUN
personne,fr,53,NOUN
rencontre,fr,1,NOUN
quartier,fr,3,NOUN
honneur,fr,32,NOUN
cause,fr,17,NOUN
journal,fr,1,NOUN
taille,fr,14,NOUN
sujet,fr,35,NOUN
croix,fr,4,NOUN
joue,fr,2,NOUN
moment,fr,8,NOUN
chapelle,fr,2,NOUN
russe,fr,3,NOUN
abord,fr,12,NOUN
monument,fr,2,NOUN
classe,fr,1,NOUN
droite,fr,2,NOUN
espace,fr,2,NOUN
fer,fr,2,NOUN
activité,fr,1,NOUN
cadre,fr,2,NOUN
lac,fr,1,NOUN
cour,fr,61,NOUN
adresse,fr,2,NOUN
nature,fr,17,NOUN
plupart,fr,3,NOUN
dame,fr,32,NOUN
mesure,fr,2,NOUN
force,fr,6,NOUN
couleur,fr,23,NOUN
collection,fr,6,NOUN
capitale,fr,4,NOUN
côte,fr,1,NOUN
façon,fr,9,NOUN
combat,fr,2,NOUN
passage,fr,8,NOUN
entrée,fr,4,NOUN
présence,fr,2,NOUN
course,fr,2,NOUN
ceinture,fr,8,NOUN
tableau,fr,18,NOUN
maître,fr,16,NOUN
marque,fr,13,NOUN
intérieur,fr,1,NOUN
qualité,fr,29,NOUN
patrimoine,fr,1,NOUN
com,fr,1,NOUN
tours,fr,1,NOUN
nuit,fr,25,NOUN
prise,fr,2,NOUN
vitesse,fr,2,NOUN
chemin,fr,8,NOUN
avis,fr,2,NOUN
salle,fr,12,NOUN
carte,fr,1,NOUN
travers,fr,4,NOUN
valeur,fr,2,NOUN
palais,fr,32,NOUN
situation,fr,7,NOUN
vallée,fr,4,NOUN
occasion,fr,26,NOUN
chambre,fr,44,NOUN
glace,fr,4,NOUN
mot,fr,24,NOUN
main,fr,24,NOUN
assemblée,fr,10,NOUN
hôtel,fr,5,NOUN
catholique,fr,3,NOUN
campagne,fr,13,NOUN
traduction,fr,7,NOUN
départ,fr,7,NOUN
choix,fr,1,NOUN
coup,fr,13,NOUN
enfant,fr,11,NOUN
défense,fr,2,NOUN
vice,fr,6,NOUN
hiver,fr,12,NOUN
fondation,fr,1,NOUN
cœur,fr,11,NOUN
bâtiment,fr,6,NOUN
amour,fr,23,NOUN
mont,fr,8,NOUN
science,fr,5,NOUN
traité,fr,1,NOUN
idée,fr,28,NOUN
littérature,fr,1,NOUN
sol,fr,1,NOUN
chaîne,fr,2,NOUN
ouvrage,fr,7,NOUN
ex,fr,3,NOUN
fond,fr,5,NOUN
mode,fr,17,NOUN
original,fr,2,NOUN
espagnol,fr,4,NOUN
composition,fr,3,NOUN
garde,fr,12,NOUN
comédie,fr,6,NOUN
empereur,fr,46,NOUN
capitaine,fr,6,NOUN
commission,fr,6,NOUN
présent,fr,48,NOUN
taux,fr,1,NOUN
architecture,fr,10,NOUN
transport,fr,5,NOUN
sort,fr,1,NOUN
pièce,fr,14,NOUN
pratique,fr,1,NOUN
usage,fr,45,NOUN
secrétaire,fr,1,NOUN
chose,fr,49,NOUN
accès,fr,1,NOUN
marché,fr,9,NOUN
charge,fr,1,NOUN
économie,fr,1,NOUN
longueur,fr,4,NOUN
arrivée,fr,8,NOUN
protection,fr,5,NOUN
commerce,fr,12,NOUN
parties,fr,1,NOUN
fiction,fr,1,NOUN
intérêt,fr,5,NOUN
jeunesse,fr,2,NOUN
majorité,fr,1,NOUN
seigneur,fr,9,NOUN
santé,fr,9,NOUN
heure,fr,24,NOUN
feu,fr,21,NOUN
profession,fr,3,NOUN
voyage,fr,31,NOUN
signe,fr,3,NOUN
mariage,fr,9,NOUN
constitution,fr,1,NOUN
affaire,fr,12,NOUN
esprit,fr,24,NOUN
galerie,fr,17,NOUN
peuple,fr,33,NOUN
parlement,fr,1,NOUN
doute,fr,42,NOUN
mémoire,fr,2,NOUN
ami,fr,13,NOUN
éducation,fr,4,NOUN
officier,fr,13,NOUN
hauteur,fr,4,NOUN
camp,fr,3,NOUN
temple,fr,7,NOUN
importance,fr,1,NOUN
commandant,fr,2,NOUN
docteur,fr,3,NOUN
gouverneur,fr,11,NOUN
bassin,fr,6,NOUN
contrat,fr,3,NOUN
justice,fr,4,NOUN
semaine,fr,12,NOUN
pied,fr,27,NOUN
principe,fr,1,NOUN
bord,fr,17,NOUN
moitié,fr,12,NOUN
réponse,fr,10,NOUN
volume,fr,1,NOUN
courant,fr,1,NOUN
industrie,fr,1,NOUN
lettre,fr,65,NOUN
opération,fr,5,NOUN
paix,fr,2,NOUN
propriétaire,fr,2,NOUN
journée,fr,4,NOUN
sœur,fr,17,NOUN
opéra,fr,7,NOUN
montagne,fr,20,NOUN
découverte,fr,1,NOUN
front,fr,7,NOUN
champ,fr,14,NOUN
religieux,fr,5,NOUN
propos,fr,11,NOUN
romaine,fr,1,NOUN
motif,fr,4,NOUN
chant,fr,4,NOUN
colonel,fr,2,NOUN
soleil,fr,9,NOUN
peinture,fr,8,NOUN
figure,fr,14,NOUN
gens,fr,23,NOUN
liberté,fr,30,NOUN
fête,fr,5,NOUN
canal,fr,7,NOUN
offre,fr,3,NOUN
caractère,fr,7,NOUN
bleu,fr,2,NOUN
sommet,fr,1,NOUN
matière,fr,2,NOUN
médecin,fr,6,NOUN
lance,fr,1,NOUN
besoin,fr,6,NOUN
avance,fr,2,NOUN
religion,fr,23,NOUN
successeur,fr,2,NOUN
somme,fr,1,NOUN
réserve,fr,1,NOUN
résumé,fr,1,NOUN
rose,fr,14,NOUN
philosophie,fr,2,NOUN
expression,fr,7,NOUN
cheval,fr,28,NOUN
communication,fr,1,NOUN
jardin,fr,28,NOUN
olivier,fr,2,NOUN
historien,fr,1,NOUN
relation,fr,9,NOUN
abbé,fr,2,NOUN
expérience,fr,2,NOUN
extérieur,fr,3,NOUN
prison,fr,1,NOUN
distance,fr,9,NOUN
capacité,fr,1,NOUN
tradition,fr,1,NOUN
étoile,fr,1,NOUN
marche,fr,15,NOUN
office,fr,4,NOUN
masse,fr,1,NOUN
arc,fr,2,NOUN
tombe,fr,2,NOUN
ton,fr,12,NOUN
acte,fr,3,NOUN
héros,fr,5,NOUN
filles,fr,5,NOUN
midi,fr,2,NOUN
ciel,fr,5,NOUN
rang,fr,18,NOUN
maladie,fr,7,NOUN
autorité,fr,2,NOUN
édifice,fr,13,NOUN
sorte,fr,11,NOUN
peine,fr,31,NOUN
absence,fr,2,NOUN
circuit,fr,1,NOUN
danse,fr,10,NOUN
fleuve,fr,7,NOUN
univers,fr,1,NOUN
écriture,fr,1,NOUN
chœur,fr,1,NOUN
résidence,fr,5,NOUN
portrait,fr,5,NOUN
sang,fr,3,NOUN
prédécesseur,fr,1,NOUN
retraite,fr,4,NOUN
description,fr,31,NOUN
table,fr,8,NOUN
emploi,fr,1,NOUN
alliance,fr,1,NOUN
bout,fr,17,NOUN
voiture,fr,12,NOUN
étranger,fr,10,NOUN
secret,fr,6,NOUN
couple,fr,1,NOUN
col,fr,4,NOUN
soir,fr,20,NOUN
différence,fr,10,NOUN
bateau,fr,2,NOUN
changement,fr,2,NOUN
faveur,fr,8,NOUN
vis,fr,1,NOUN
concert,fr,2,NOUN
vente,fr,1,NOUN
bras,fr,18,NOUN
proposition,fr,1,NOUN
visite,fr,24,NOUN
solution,fr,1,NOUN
mur,fr,4,NOUN
façade,fr,1,NOUN
statue,fr,17,NOUN
tente,fr,6,NOUN
huile,fr,1,NOUN
contraire,fr,17,NOUN
vierge,fr,5,NOUN
cercle,fr,5,NOUN
mari,fr,25,NOUN
attention,fr,26,NOUN
fontaine,fr,19,NOUN
prêtre,fr,7,NOUN
monastère,fr,4,NOUN
dos,fr,4,NOUN
lecture,fr,2,NOUN
branche,fr,3,NOUN
pointe,fr,3,NOUN
vin,fr,13,NOUN
recueil,fr,1,NOUN
endroit,fr,11,NOUN
bus,fr,1,NOUN
arme,fr,4,NOUN
erreur,fr,5,NOUN
arbre,fr,20,NOUN
possibilité,fr,1,NOUN
occupation,fr,7,NOUN
vent,fr,5,NOUN
princesse,fr,11,NOUN
volonté,fr,6,NOUN
race,fr,1,NOUN
machine,fr,8,NOUN
antique,fr,7,NOUN
manche,fr,13,NOUN
dimanche,fr,5,NOUN
fil,fr,2,NOUN
accident,fr,10,NOUN
cérémonie,fr,11,NOUN
discours,fr,2,NOUN
échange,fr,2,NOUN
langage,fr,10,NOUN
spectacle,fr,21,NOUN
moulin,fr,1,NOUN
musicien,fr,1,NOUN
poésie,fr,3,NOUN
aventure,fr,7,NOUN
guide,fr,5,NOUN
événement,fr,1,NOUN
tiers,fr,1,NOUN
lendemain,fr,9,NOUN
orange,fr,2,NOUN
matin,fr,12,NOUN
flotte,fr,1,NOUN
monsieur,fr,30,NOUN
dames,fr,54,NOUN
couronne,fr,4,NOUN
trophée,fr,1,NOUN
aspect,fr,1,NOUN
envoyé,fr,5,NOUN
dispute,fr,4,NOUN
lune,fr,3,NOUN
serge,fr,1,NOUN
profil,fr,1,NOUN
cabinet,fr,8,NOUN
vision,fr,1,NOUN
dehors,fr,4,NOUN
grecque,fr,6,NOUN
œil,fr,50,NOUN
récit,fr,4,NOUN
climat,fr,9,NOUN
instrument,fr,1,NOUN
automne,fr,1,NOUN
animal,fr,5,NOUN
papier,fr,3,NOUN
plante,fr,1,NOUN
boulevard,fr,1,NOUN
preuve,fr,12,NOUN
sable,fr,1,NOUN
noblesse,fr,6,NOUN
toile,fr,2,NOUN
liaison,fr,1,NOUN
trône,fr,3,NOUN
ruisseau,fr,1,NOUN
roche,fr,1,NOUN
largeur,fr,1,NOUN
foi,fr,6,NOUN
nation,fr,17,NOUN
notion,fr,3,NOUN
catalogue,fr,1,NOUN
étage,fr,8,NOUN
hongrois,fr,5,NOUN
post,fr,2,NOUN
ennemi,fr,1,NOUN
indien,fr,3,NOUN
consommation,fr,1,NOUN
condition,fr,4,NOUN
plaine,fr,12,NOUN
perte,fr,4,NOUN
portée,fr,1,NOUN
quantité,fr,24,NOUN
estime,fr,2,NOUN
couverture,fr,3,NOUN
cuisine,fr,4,NOUN
disposition,fr,5,NOUN
sénat,fr,2,NOUN
vaisseau,fr,10,NOUN
inscription,fr,7,NOUN
confiance,fr,1,NOUN
augmentation,fr,1,NOUN
oncle,fr,1,NOUN
génie,fr,3,NOUN
canon,fr,1,NOUN
sculpture,fr,5,NOUN
peau,fr,6,NOUN
vieille,fr,1,NOUN
poule,fr,2,NOUN
conservation,fr,1,NOUN
équipage,fr,5,NOUN
impression,fr,3,NOUN
conséquence,fr,5,NOUN
vérité,fr,33,NOUN
mérite,fr,7,NOUN
samedi,fr,1,NOUN
remarque,fr,5,NOUN
chinoise,fr,1,NOUN
phrase,fr,1,NOUN
menace,fr,1,NOUN
poursuite,fr,1,NOUN
parole,fr,9,NOUN
diamètre,fr,1,NOUN
conduite,fr,6,NOUN
conscience,fr,2,NOUN
peur,fr,3,NOUN
crime,fr,8,NOUN
chrétienne,fr,3,NOUN
respect,fr,10,NOUN
vendredi,fr,4,NOUN
aile,fr,1,NOUN
carré,fr,2,NOUN
lit,fr,9,NOUN
loup,fr,1,NOUN
détroit,fr,2,NOUN
mémoires,fr,1,NOUN
faute,fr,5,NOUN
million,fr,1,NOUN
contribution,fr,1,NOUN
gris,fr,1,NOUN
danger,fr,8,NOUN
détail,fr,17,NOUN
variété,fr,5,NOUN
river,fr,1,NOUN
conquête,fr,3,NOUN
neige,fr,11,NOUN
défaut,fr,6,NOUN
paysage,fr,2,NOUN
couvent,fr,10,NOUN
violence,fr,1,NOUN
sir,fr,1,NOUN
déclaration,fr,1,NOUN
extrémité,fr,1,NOUN
colonne,fr,18,NOUN
créateur,fr,1,NOUN
environs,fr,5,NOUN
passion,fr,15,NOUN
secours,fr,2,NOUN
chrétien,fr,34,NOUN
ange,fr,3,NOUN
opinion,fr,5,NOUN
lundi,fr,3,NOUN
avantage,fr,7,NOUN
métier,fr,2,NOUN
mélange,fr,3,NOUN
autrichien,fr,4,NOUN
traversée,fr,1,NOUN
antiquité,fr,4,NOUN
nez,fr,1,NOUN
meurtre,fr,2,NOUN
élite,fr,1,NOUN
verre,fr,4,NOUN
queue,fr,4,NOUN
revenu,fr,3,NOUN
regard,fr,2,NOUN
amitié,fr,8,NOUN
dossier,fr,1,NOUN
oiseau,fr,1,NOUN
ambassadeur,fr,8,NOUN
possession,fr,3,NOUN
lecteur,fr,1,NOUN
goût,fr,23,NOUN
observation,fr,3,NOUN
colline,fr,2,NOUN
trésor,fr,4,NOUN
difficulté,fr,2,NOUN
ombre,fr,9,NOUN
vapeur,fr,1,NOUN
soldat,fr,11,NOUN
veille,fr,2,NOUN
pluie,fr,3,NOUN
amie,fr,7,NOUN
intention,fr,5,NOUN
précision,fr,1,NOUN
degré,fr,1,NOUN
correspondance,fr,4,NOUN
visage,fr,26,NOUN
réflexion,fr,12,NOUN
mariée,fr,1,NOUN
sexe,fr,5,NOUN
séjour,fr,10,NOUN
surprise,fr,13,NOUN
juif,fr,8,NOUN
séparation,fr,2,NOUN
pavillon,fr,2,NOUN
distinction,fr,2,NOUN
four,fr,2,NOUN
autel,fr,4,NOUN
plat,fr,10,NOUN
troupe,fr,16,NOUN
ha,fr,1,NOUN
instant,fr,8,NOUN
désert,fr,9,NOUN
bourse,fr,14,NOUN
froid,fr,19,NOUN
réputation,fr,2,NOUN
ronde,fr,1,NOUN
apparence,fr,4,NOUN
couche,fr,3,NOUN
veuve,fr,12,NOUN
cesse,fr,1,NOUN
exercice,fr,2,NOUN
héritier,fr,3,NOUN
voile,fr,13,NOUN
marchand,fr,11,NOUN
assassinat,fr,1,NOUN
attitude,fr,4,NOUN
jugement,fr,3,NOUN
conséquent,fr,2,NOUN
rayon,fr,2,NOUN
nécessité,fr,1,NOUN
vocation,fr,1,NOUN
épée,fr,1,NOUN
copie,fr,3,NOUN
morceau,fr,9,NOUN
pyramide,fr,1,NOUN
plaisir,fr,57,NOUN
domination,fr,12,NOUN
équilibre,fr,1,NOUN
examen,fr,1,NOUN
héritage,fr,1,NOUN
pain,fr,3,NOUN
toit,fr,1,NOUN
opus,fr,1,NOUN
écart,fr,2,NOUN
signal,fr,1,NOUN
crédit,fr,1,NOUN
fuite,fr,2,NOUN
dôme,fr,8,NOUN
hasard,fr,1,NOUN
acier,fr,1,NOUN
silence,fr,5,NOUN
lait,fr,2,NOUN
charbon,fr,2,NOUN
dénomination,fr,1,NOUN
fruit,fr,12,NOUN
marbre,fr,36,NOUN
trait,fr,4,NOUN
étendue,fr,6,NOUN
mar,fr,1,NOUN
intelligence,fr,4,NOUN
chaleur,fr,11,NOUN
chaussée,fr,2,NOUN
beauté,fr,43,NOUN
décoration,fr,3,NOUN
alphabet,fr,1,NOUN
réception,fr,2,NOUN
témoin,fr,2,NOUN
conte,fr,2,NOUN
horreur,fr,5,NOUN
fenêtre,fr,16,NOUN
morale,fr,2,NOUN
égard,fr,10,NOUN
cheveux,fr,1,NOUN
comtesse,fr,9,NOUN
fleur,fr,22,NOUN
turc,fr,111,NOUN
consul,fr,1,NOUN
paradis,fr,3,NOUN
tempête,fr,4,NOUN
bonheur,fr,10,NOUN
moine,fr,1,NOUN
cuivre,fr,1,NOUN
viande,fr,1,NOUN
escalier,fr,8,NOUN
diable,fr,3,NOUN
centaine,fr,1,NOUN
racine,fr,1,NOUN
descente,fr,1,NOUN
magasin,fr,1,NOUN
explication,fr,2,NOUN
duchesse,fr,7,NOUN
logement,fr,6,NOUN
attentat,fr,1,NOUN
cellule,fr,3,NOUN
courage,fr,6,NOUN
plume,fr,5,NOUN
démarche,fr,1,NOUN
perspective,fr,4,NOUN
doctrine,fr,3,NOUN
effort,fr,1,NOUN
bouche,fr,3,NOUN
masque,fr,1,NOUN
gloire,fr,2,NOUN
comparaison,fr,4,NOUN
globe,fr,2,NOUN
ballon,fr,1,NOUN
audience,fr,7,NOUN
diversité,fr,2,NOUN
rocher,fr,5,NOUN
chêne,fr,1,NOUN
berger,fr,2,NOUN
particularité,fr,4,NOUN
jeudi,fr,3,NOUN
anges,fr,1,NOUN
étang,fr,2,NOUN
attente,fr,1,NOUN
voûte,fr,2,NOUN
repos,fr,5,NOUN
neutralité,fr,1,NOUN
destin,fr,2,NOUN
confusion,fr,1,NOUN
clergé,fr,1,NOUN
mosquée,fr,26,NOUN
autrichienne,fr,1,NOUN
arsenal,fr,1,NOUN
robe,fr,12,NOUN
écurie,fr,1,NOUN
triomphe,fr,2,NOUN
tribune,fr,2,NOUN
commis,fr,3,NOUN
pomme,fr,1,NOUN
justification,fr,1,NOUN
richesse,fr,6,NOUN
mardi,fr,2,NOUN
cerveau,fr,1,NOUN
sentiment,fr,5,NOUN
habitude,fr,2,NOUN
témoignage,fr,1,NOUN
nage,fr,1,NOUN
tombeau,fr,9,NOUN
bruit,fr,6,NOUN
devise,fr,4,NOUN
mercredi,fr,3,NOUN
royaumes,fr,1,NOUN
volontaire,fr,1,NOUN
vertu,fr,3,NOUN
messe,fr,1,NOUN
obligation,fr,2,NOUN
abri,fr,5,NOUN
foule,fr,6,NOUN
miroir,fr,1,NOUN
hongroise,fr,1,NOUN
magie,fr,1,NOUN
dégât,fr,1,NOUN
chaire,fr,3,NOUN
maxime,fr,4,NOUN
coin,fr,5,NOUN
arcade,fr,4,NOUN
plomb,fr,2,NOUN
envie,fr,14,NOUN
bâton,fr,3,NOUN
sac,fr,2,NOUN
flûte,fr,2,NOUN
chasseur,fr,1,NOUN
trou,fr,6,NOUN
appartement,fr,17,NOUN
pèlerinage,fr,1,NOUN
soin,fr,23,NOUN
folie,fr,3,NOUN
comédien,fr,1,NOUN
instance,fr,5,NOUN
vigne,fr,7,NOUN
citoyen,fr,1,NOUN
grille,fr,2,NOUN
hébreu,fr,1,NOUN
vignoble,fr,1,NOUN
roue,fr,1,NOUN
cavalier,fr,2,NOUN
espérance,fr,1,NOUN
évènement,fr,1,NOUN
catholicisme,fr,1,NOUN
grandeur,fr,15,NOUN
hôte,fr,1,NOUN
revers,fr,1,NOUN
signification,fr,3,NOUN
épaisseur,fr,3,NOUN
chapeau,fr,2,NOUN
uniforme,fr,1,NOUN
serment,fr,2,NOUN
scandale,fr,2,NOUN
repas,fr,9,NOUN
luxe,fr,4,NOUN
maîtresse,fr,1,NOUN
impératrice,fr,25,NOUN
barbe,fr,5,NOUN
dette,fr,1,NOUN
dessert,fr,1,NOUN
renard,fr,2,NOUN
esclavage,fr,2,NOUN
proportion,fr,2,NOUN
bal,fr,3,NOUN
tort,fr,2,NOUN
vengeance,fr,1,NOUN
ancêtre,fr,1,NOUN
souveraineté,fr,1,NOUN
sauveur,fr,2,NOUN
mathématique,fr,1,NOUN
grace,fr,13,NOUN
more,fr,1,NOUN
bête,fr,4,NOUN
joie,fr,3,NOUN
douleur,fr,5,NOUN
pacte,fr,1,NOUN
foire,fr,4,NOUN
excellence,fr,1,NOUN
corruption,fr,1,NOUN
pin,fr,1,NOUN
loge,fr,2,NOUN
mets,fr,3,NOUN
bain,fr,18,NOUN
poudre,fr,2,NOUN
minuit,fr,1,NOUN
buste,fr,1,NOUN
parade,fr,1,NOUN
peste,fr,6,NOUN
controverse,fr,1,NOUN
divorce,fr,1,NOUN
paiement,fr,1,NOUN
parent,fr,4,NOUN
gravité,fr,4,NOUN
pente,fr,1,NOUN
patrie,fr,3,NOUN
pauvreté,fr,2,NOUN
monstre,fr,1,NOUN
geste,fr,8,NOUN
arménien,fr,5,NOUN
domestique,fr,7,NOUN
patriarche,fr,1,NOUN
jet,fr,1,NOUN
constance,fr,2,NOUN
trajet,fr,2,NOUN
soie,fr,8,NOUN
gorge,fr,7,NOUN
pilier,fr,8,NOUN
diamant,fr,11,NOUN
drogue,fr,1,NOUN
fusil,fr,3,NOUN
conducteur,fr,1,NOUN
horloge,fr,1,NOUN
plafond,fr,3,NOUN
allée,fr,1,NOUN
plainte,fr,1,NOUN
banc,fr,5,NOUN
corde,fr,1,NOUN
bouton,fr,7,NOUN
spirituel,fr,1,NOUN
rivalité,fr,1,NOUN
plaisance,fr,1,NOUN
sourire,fr,7,NOUN
sommeil,fr,2,NOUN
divinité,fr,1,NOUN
indication,fr,1,NOUN
jul,fr,4,NOUN
amant,fr,10,NOUN
cou,fr,8,NOUN
miracle,fr,5,NOUN
créature,fr,2,NOUN
thé,fr,5,NOUN
bonnet,fr,6,NOUN
boutique,fr,9,NOUN
monarque,fr,5,NOUN
jésuite,fr,4,NOUN
voyageur,fr,18,NOUN
cuir,fr,1,NOUN
carnaval,fr,1,NOUN
intrigue,fr,3,NOUN
encre,fr,1,NOUN
invitation,fr,1,NOUN
arche,fr,1,NOUN
préférence,fr,6,NOUN
promenade,fr,3,NOUN
prétexte,fr,1,NOUN
sabre,fr,1,NOUN
borne,fr,1,NOUN
rez,fr,2,NOUN
planche,fr,1,NOUN
oreille,fr,8,NOUN
généalogie,fr,1,NOUN
martyr,fr,1,NOUN
assassin,fr,1,NOUN
conversation,fr,7,NOUN
prose,fr,2,NOUN
intervalle,fr,1,NOUN
quarantaine,fr,2,NOUN
tapis,fr,10,NOUN
coton,fr,2,NOUN
herbe,fr,2,NOUN
crâne,fr,1,NOUN
manufacture,fr,2,NOUN
porteur,fr,2,NOUN
cinquantaine,fr,1,NOUN
trahison,fr,3,NOUN
étiquette,fr,1,NOUN
billet,fr,3,NOUN
répétition,fr,2,NOUN
élévation,fr,1,NOUN
jonction,fr,1,NOUN
nid,fr,3,NOUN
ruine,fr,13,NOUN
olive,fr,1,NOUN
sagesse,fr,1,NOUN
compatriote,fr,2,NOUN
bœuf,fr,4,NOUN
banquier,fr,1,NOUN
cri,fr,1,NOUN
insigne,fr,2,NOUN
nageur,fr,1,NOUN
collier,fr,3,NOUN
cloître,fr,2,NOUN
excès,fr,5,NOUN
garantie,fr,1,NOUN
jambe,fr,5,NOUN
bouteille,fr,1,NOUN
reproche,fr,2,NOUN
poitrine,fr,1,NOUN
pot,fr,4,NOUN
clef,fr,3,NOUN
pardon,fr,2,NOUN
fidélité,fr,1,NOUN
œuf,fr,2,NOUN
ruban,fr,5,NOUN
odeur,fr,1,NOUN
esclave,fr,26,NOUN
sûreté,fr,3,NOUN
danseur,fr,2,NOUN
nièce,fr,2,NOUN
auberge,fr,5,NOUN
mercier,fr,1,NOUN
marée,fr,1,NOUN
proie,fr,1,NOUN
coutume,fr,9,NOUN
pompe,fr,1,NOUN
dia,fr,1,NOUN
rebelle,fr,1,NOUN
tronc,fr,1,NOUN
pension,fr,4,NOUN
brune,fr,1,NOUN
grenier,fr,2,NOUN
grain,fr,3,NOUN
charme,fr,5,NOUN
douzaine,fr,2,NOUN
compagne,fr,1,NOUN
mouton,fr,3,NOUN
prairie,fr,2,NOUN
bétail,fr,1,NOUN
défilé,fr,1,NOUN
promesse,fr,1,NOUN
croyance,fr,2,NOUN
abondance,fr,8,NOUN
laine,fr,3,NOUN
spectateur,fr,3,NOUN
dignité,fr,3,NOUN
boisson,fr,1,NOUN
nuage,fr,2,NOUN
doigt,fr,4,NOUN
flamme,fr,1,NOUN
trésorier,fr,2,NOUN
lampe,fr,4,NOUN
miel,fr,1,NOUN
genou,fr,7,NOUN
gré,fr,6,NOUN
confluent,fr,1,NOUN
imagination,fr,2,NOUN
célébration,fr,1,NOUN
approbation,fr,1,NOUN
sépulture,fr,2,NOUN
fauteuil,fr,1,NOUN
certitude,fr,1,NOUN
épaule,fr,7,NOUN
cascade,fr,3,NOUN
intendant,fr,1,NOUN
paquet,fr,2,NOUN
crystal,fr,2,NOUN
favori,fr,6,NOUN
selle,fr,1,NOUN
procession,fr,4,NOUN
torture,fr,2,NOUN
divertissement,fr,3,NOUN
cheminée,fr,1,NOUN
paysan,fr,11,NOUN
permission,fr,4,NOUN
farine,fr,2,NOUN
poil,fr,1,NOUN
fossé,fr,2,NOUN
éloge,fr,4,NOUN
mosaïque,fr,2,NOUN
dent,fr,2,NOUN
espion,fr,1,NOUN
soumission,fr,2,NOUN
majesté,fr,7,NOUN
enthousiasme,fr,2,NOUN
singe,fr,1,NOUN
brise,fr,2,NOUN
menu,fr,1,NOUN
parfum,fr,5,NOUN
obstacle,fr,1,NOUN
multitude,fr,2,NOUN
crainte,fr,7,NOUN
coupole,fr,1,NOUN
chaise,fr,12,NOUN
gueule,fr,1,NOUN
fumée,fr,1,NOUN
paille,fr,2,NOUN
coquille,fr,3,NOUN
beurre,fr,2,NOUN
prélat,fr,1,NOUN
rame,fr,2,NOUN
bouquet,fr,2,NOUN
coffre,fr,1,NOUN
symétrie,fr,1,NOUN
plâtre,fr,1,NOUN
faction,fr,1,NOUN
roc,fr,1,NOUN
amas,fr,1,NOUN
voleur,fr,1,NOUN
baleine,fr,1,NOUN
tas,fr,2,NOUN
colombe,fr,1,NOUN
solitude,fr,1,NOUN
aqueduc,fr,2,NOUN
commencement,fr,2,NOUN
satisfaction,fr,12,NOUN
supériorité,fr,1,NOUN
orage,fr,1,NOUN
débris,fr,4,NOUN
innocence,fr,1,NOUN
muraille,fr,10,NOUN
échelon,fr,1,NOUN
raisin,fr,2,NOUN
âne,fr,2,NOUN
poignée,fr,1,NOUN
dépens,fr,1,NOUN
vase,fr,7,NOUN
pitié,fr,5,NOUN
niche,fr,1,NOUN
noix,fr,1,NOUN
simplicité,fr,3,NOUN
rumeur,fr,1,NOUN
affection,fr,1,NOUN
secte,fr,3,NOUN
boulanger,fr,2,NOUN
éclat,fr,4,NOUN
aiguille,fr,3,NOUN
gazette,fr,1,NOUN
considération,fr,6,NOUN
sacre,fr,1,NOUN
contradiction,fr,2,NOUN
plancher,fr,4,NOUN
pois,fr,1,NOUN
addition,fr,1,NOUN
loges,fr,1,NOUN
antiquités,fr,1,NOUN
bouillon,fr,1,NOUN
fondement,fr,1,NOUN
rameau,fr,1,NOUN
vêtement,fr,1,NOUN
corne,fr,2,NOUN
pêcheur,fr,1,NOUN
curiosité,fr,27,NOUN
querelle,fr,5,NOUN
péché,fr,1,NOUN
marchande,fr,1,NOUN
deuil,fr,4,NOUN
incertitude,fr,1,NOUN
cordon,fr,3,NOUN
meurtrier,fr,1,NOUN
rideau,fr,1,NOUN
malédiction,fr,1,NOUN
justesse,fr,1,NOUN
insuffisance,fr,1,NOUN
ver,fr,2,NOUN
prudence,fr,1,NOUN
soupe,fr,2,NOUN
souhait,fr,1,NOUN
millier,fr,2,NOUN
mépris,fr,2,NOUN
vœu,fr,3,NOUN
ornement,fr,3,NOUN
ciment,fr,1,NOUN
veine,fr,4,NOUN
artisan,fr,3,NOUN
attachement,fr,2,NOUN
valet,fr,2,NOUN
escorte,fr,4,NOUN
admiration,fr,8,NOUN
fantaisie,fr,2,NOUN
humeur,fr,4,NOUN
apôtre,fr,2,NOUN
omnibus,fr,1,NOUN
crochet,fr,1,NOUN
porcelaine,fr,12,NOUN
nain,fr,3,NOUN
gêne,fr,2,NOUN
brouillard,fr,1,NOUN
camarade,fr,1,NOUN
soufre,fr,1,NOUN
protestation,fr,1,NOUN
laurier,fr,1,NOUN
narration,fr,1,NOUN
ride,fr,1,NOUN
méditation,fr,2,NOUN
fourrure,fr,7,NOUN
gage,fr,2,NOUN
macédonien,fr,1,NOUN
habit,fr,42,NOUN
merveilleux,fr,1,NOUN
dot,fr,2,NOUN
cuisinier,fr,2,NOUN
patience,fr,3,NOUN
rempart,fr,1,NOUN
éclair,fr,1,NOUN
rapidité,fr,1,NOUN
gentilhomme,fr,2,NOUN
cire,fr,3,NOUN
boue,fr,1,NOUN
désordre,fr,1,NOUN
honte,fr,3,NOUN
fortification,fr,4,NOUN
saxonne,fr,1,NOUN
fatigue,fr,14,NOUN
panier,fr,1,NOUN
novo,fr,2,NOUN
serviteur,fr,1,NOUN
éventail,fr,2,NOUN
mensonge,fr,2,NOUN
pouce,fr,2,NOUN
dévotion,fr,7,NOUN
corail,fr,1,NOUN
berline,fr,1,NOUN
jalousie,fr,9,NOUN
agathe,fr,2,NOUN
congé,fr,6,NOUN
excuse,fr,6,NOUN
passeport,fr,1,NOUN
soupçon,fr,1,NOUN
malheur,fr,6,NOUN
core,fr,1,NOUN
vestige,fr,3,NOUN
bastion,fr,2,NOUN
agrément,fr,3,NOUN
muse,fr,1,NOUN
clarté,fr,3,NOUN
tan,fr,1,NOUN
rangée,fr,1,NOUN
oie,fr,1,NOUN
nouveauté,fr,3,NOUN
aise,fr,5,NOUN
ancre,fr,2,NOUN
meuble,fr,1,NOUN
perfection,fr,4,NOUN
tentation,fr,2,NOUN
gâteau,fr,3,NOUN
rançon,fr,3,NOUN
insulte,fr,2,NOUN
révérend,fr,1,NOUN
ignorance,fr,7,NOUN
bravoure,fr,1,NOUN
baume,fr,2,NOUN
perle,fr,21,NOUN
barque,fr,1,NOUN
buffet,fr,1,NOUN
persécution,fr,2,NOUN
tribut,fr,2,NOUN
forma,fr,1,NOUN
écu,fr,3,NOUN
pigeon,fr,2,NOUN
rivage,fr,1,NOUN
précaution,fr,3,NOUN
vivres,fr,2,NOUN
portique,fr,3,NOUN
affectation,fr,1,NOUN
assiette,fr,2,NOUN
vaincus,fr,1,NOUN
agneau,fr,2,NOUN
jardinier,fr,2,NOUN
hermine,fr,3,NOUN
coteau,fr,2,NOUN
pavé,fr,11,NOUN
servante,fr,4,NOUN
rade,fr,1,NOUN
poivre,fr,1,NOUN
génois,fr,3,NOUN
hoc,fr,4,NOUN
prophétie,fr,1,NOUN
primo,fr,1,NOUN
posture,fr,1,NOUN
troupeau,fr,3,NOUN
tablette,fr,1,NOUN
éloignement,fr,3,NOUN
douceur,fr,8,NOUN
tapisserie,fr,2,NOUN
chagrin,fr,6,NOUN
ambre,fr,1,NOUN
linge,fr,1,NOUN
chariot,fr,3,NOUN
sanglier,fr,1,NOUN
veuf,fr,1,NOUN
gibier,fr,3,NOUN
régularité,fr,1,NOUN
tailleur,fr,2,NOUN
archange,fr,1,NOUN
élégance,fr,1,NOUN
fable,fr,5,NOUN
chemise,fr,4,NOUN
demoiselle,fr,3,NOUN
maris,fr,9,NOUN
surcroît,fr,1,NOUN
fertilité,fr,1,NOUN
fureur,fr,1,NOUN
inquiétude,fr,1,NOUN
inégalité,fr,1,NOUN
crucifix,fr,2,NOUN
bosse,fr,1,NOUN
verset,fr,1,NOUN
métamorphose,fr,1,NOUN
vôtre,fr,8,NOUN
bandit,fr,1,NOUN
momie,fr,3,NOUN
melon,fr,1,NOUN
agenda,fr,1,NOUN
dépense,fr,7,NOUN
marchandise,fr,9,NOUN
plis,fr,1,NOUN
délibération,fr,1,NOUN
tristesse,fr,3,NOUN
vulgaire,fr,2,NOUN
pinceau,fr,2,NOUN
fécondité,fr,1,NOUN
douane,fr,1,NOUN
bague,fr,2,NOUN
omnium,fr,1,NOUN
prédicateur,fr,1,NOUN
compassion,fr,3,NOUN
obéissance,fr,5,NOUN
tuyau,fr,2,NOUN
vieillesse,fr,3,NOUN
laïc,fr,1,NOUN
générosité,fr,2,NOUN
velours,fr,6,NOUN
épine,fr,1,NOUN
veste,fr,1,NOUN
aimant,fr,1,NOUN
altesse,fr,4,NOUN
émeraude,fr,8,NOUN
present,fr,1,NOUN
coeur,fr,5,NOUN
relique,fr,4,NOUN
veau,fr,1,NOUN
aveu,fr,1,NOUN
vieillard,fr,2,NOUN
cruauté,fr,2,NOUN
fléau,fr,1,NOUN
piece,fr,5,NOUN
discrétion,fr,2,NOUN
vénération,fr,7,NOUN
modération,fr,1,NOUN
indifférence,fr,5,NOUN
promontoire,fr,4,NOUN
obélisque,fr,1,NOUN
rubis,fr,5,NOUN
ire,fr,1,NOUN
jeûne,fr,1,NOUN
anno,fr,1,NOUN
zèle,fr,8,NOUN
sermon,fr,2,NOUN
frontier,fr,3,NOUN
marionnette,fr,1,NOUN
rareté,fr,4,NOUN
barbarie,fr,1,NOUN
isthme,fr,1,NOUN
dessein,fr,9,NOUN
ravage,fr,1,NOUN
nymphe,fr,2,NOUN
exactitude,fr,3,NOUN
pastoral,fr,1,NOUN
regret,fr,3,NOUN
farce,fr,1,NOUN
subsistance,fr,1,NOUN
foin,fr,1,NOUN
gant,fr,1,NOUN
audace,fr,1,NOUN
épicerie,fr,1,NOUN
frange,fr,3,NOUN
cabanes,fr,2,NOUN
novice,fr,1,NOUN
haie,fr,3,NOUN
invocation,fr,1,NOUN
bonté,fr,16,NOUN
magna,fr,1,NOUN
jasmin,fr,3,NOUN
galère,fr,1,NOUN
venin,fr,1,NOUN
habillement,fr,8,NOUN
mélancolie,fr,1,NOUN
festin,fr,2,NOUN
lasse,fr,1,NOUN
cocher,fr,1,NOUN
bouts,fr,1,NOUN
dissertation,fr,1,NOUN
oppression,fr,1,NOUN
citerne,fr,1,NOUN
vaisselle,fr,1,NOUN
circonférence,fr,1,NOUN
toilette,fr,2,NOUN
portier,fr,1,NOUN
étoffe,fr,15,NOUN
pere,fr,8,NOUN
politesse,fr,21,NOUN
soulier,fr,4,NOUN
préambule,fr,1,NOUN
érudition,fr,3,NOUN
luthérien,fr,2,NOUN
griffe,fr,2,NOUN
tasse,fr,2,NOUN
prétention,fr,1,NOUN
vernis,fr,3,NOUN
poire,fr,2,NOUN
cyprès,fr,4,NOUN
galop,fr,1,NOUN
tranquillité,fr,6,NOUN
chaudron,fr,1,NOUN
tendresse,fr,8,NOUN
splendeur,fr,1,NOUN
treillis,fr,1,NOUN
drap,fr,8,NOUN
chaume,fr,1,NOUN
menteur,fr,1,NOUN
ajustement,fr,5,NOUN
bijou,fr,2,NOUN
merveille,fr,3,NOUN
humilité,fr,1,NOUN
incursion,fr,2,NOUN
singularité,fr,1,NOUN
ante,fr,1,NOUN
bosquet,fr,2,NOUN
piquet,fr,1,NOUN
armoire,fr,1,NOUN
taverne,fr,1,NOUN
tonneau,fr,1,NOUN
griffon,fr,2,NOUN
laps,fr,1,NOUN
honnêteté,fr,1,NOUN
liqueur,fr,2,NOUN
cham,fr,1,NOUN
piédestal,fr,2,NOUN
indignation,fr,3,NOUN
ennui,fr,1,NOUN
antichambre,fr,1,NOUN
prodige,fr,2,NOUN
pâturage,fr,1,NOUN
dentelle,fr,2,NOUN
heu,fr,1,NOUN
pénitence,fr,1,NOUN
canapé,fr,1,NOUN
flambeau,fr,2,NOUN
verdure,fr,4,NOUN
bracelet,fr,1,NOUN
robinet,fr,2,NOUN
faste,fr,1,NOUN
noisette,fr,1,NOUN
chorus,fr,2,NOUN
cordonnier,fr,1,NOUN
jouissance,fr,1,NOUN
supplice,fr,1,NOUN
servitude,fr,1,NOUN
penchant,fr,2,NOUN
ardeur,fr,1,NOUN
calviniste,fr,2,NOUN
appétit,fr,1,NOUN
palatine,fr,1,NOUN
bouffon,fr,1,NOUN
méprise,fr,2,NOUN
infinité,fr,1,NOUN
sentinelle,fr,1,NOUN
carpe,fr,1,NOUN
tyrannie,fr,1,NOUN
culotte,fr,1,NOUN
nourrice,fr,2,NOUN
sueur,fr,1,NOUN
perdrix,fr,1,NOUN
austérité,fr,1,NOUN
mienne,fr,9,NOUN
cendre,fr,3,NOUN
balustrade,fr,1,NOUN
fermeté,fr,1,NOUN
galant,fr,1,NOUN
archiduchesse,fr,3,NOUN
caillou,fr,1,NOUN
châsse,fr,1,NOUN
plaisanterie,fr,2,NOUN
volaille,fr,1,NOUN
hazard,fr,3,NOUN
étonnement,fr,4,NOUN
losange,fr,1,NOUN
plaie,fr,3,NOUN
chameau,fr,5,NOUN
amertume,fr,1,NOUN
jupe,fr,2,NOUN
corbeille,fr,5,NOUN
illumination,fr,1,NOUN
épi,fr,1,NOUN
vermeil,fr,5,NOUN
dard,fr,1,NOUN
florin,fr,1,NOUN
voltige,fr,1,NOUN
alpe,fr,2,NOUN
négligence,fr,1,NOUN
écharpe,fr,1,NOUN
aumône,fr,2,NOUN
captive,fr,1,NOUN
vier,fr,1,NOUN
fraîcheur,fr,1,NOUN
ressentiment,fr,2,NOUN
panache,fr,1,NOUN
carcasse,fr,1,NOUN
roseau,fr,1,NOUN
épingle,fr,5,NOUN
ameublement,fr,2,NOUN
mulet,fr,1,NOUN
botte,fr,1,NOUN
vivacité,fr,7,NOUN
coffres,fr,1,NOUN
longo,fr,1,NOUN
ambassadrice,fr,5,NOUN
paresseux,fr,1,NOUN
créancier,fr,1,NOUN
teint,fr,7,NOUN
légume,fr,2,NOUN
proverbe,fr,1,NOUN
vanité,fr,2,NOUN
malice,fr,1,NOUN
frontispice,fr,1,NOUN
persuasion,fr,1,NOUN
amusement,fr,10,NOUN
lambris,fr,1,NOUN
matelot,fr,1,NOUN
bled,fr,6,NOUN
pâté,fr,1,NOUN
superstition,fr,2,NOUN
coussin,fr,9,NOUN
lard,fr,1,NOUN
imperium,fr,3,NOUN
chasteté,fr,1,NOUN
louange,fr,3,NOUN
étable,fr,2,NOUN
complainte,fr,1,NOUN
broderie,fr,2,NOUN
laboureur,fr,2,NOUN
parente,fr,1,NOUN
limon,fr,1,NOUN
jurisconsulte,fr,1,NOUN
propreté,fr,6,NOUN
lustre,fr,1,NOUN
odorat,fr,1,NOUN
biche,fr,1,NOUN
aversion,fr,6,NOUN
complaisance,fr,4,NOUN
modestie,fr,1,NOUN
figuier,fr,2,NOUN
impatience,fr,2,NOUN
parterre,fr,3,NOUN
motu,fr,1,NOUN
supercherie,fr,2,NOUN
gance,fr,2,NOUN
colonnade,fr,2,NOUN
récréation,fr,1,NOUN
apothéose,fr,1,NOUN
gland,fr,2,NOUN
satin,fr,5,NOUN
baye,fr,2,NOUN
conjoncture,fr,1,NOUN
confiture,fr,2,NOUN
ame,fr,12,NOUN
varia,fr,1,NOUN
porphyre,fr,2,NOUN
délicatesse,fr,1,NOUN
ananas,fr,2,NOUN
embellissement,fr,2,NOUN
cicatrice,fr,1,NOUN
charrue,fr,1,NOUN
mouchoir,fr,11,NOUN
bagatelle,fr,2,NOUN
imposture,fr,1,NOUN
bagage,fr,3,NOUN
éminence,fr,1,NOUN
pudeur,fr,2,NOUN
buffle,fr,3,NOUN
embarras,fr,2,NOUN
profusion,fr,2,NOUN
brigand,fr,1,NOUN
dégoût,fr,1,NOUN
paresse,fr,3,NOUN
dou,fr,1,NOUN
tis,fr,1,NOUN
nai,fr,1,NOUN
absurdité,fr,1,NOUN
coquette,fr,1,NOUN
infidélité,fr,1,NOUN
cérémonial,fr,6,NOUN
cloison,fr,1,NOUN
fardeau,fr,1,NOUN
mere,fr,12,NOUN
carrosse,fr,11,NOUN
perruque,fr,3,NOUN
estrade,fr,1,NOUN
injure,fr,4,NOUN
soupir,fr,1,NOUN
faisan,fr,1,NOUN
aman,fr,6,NOUN
irrégularité,fr,2,NOUN
ombrage,fr,3,NOUN
superflu,fr,1,NOUN
apothicaire,fr,2,NOUN
cheveu,fr,22,NOUN
albâtre,fr,1,NOUN
chaloupe,fr,2,NOUN
torrens,fr,1,NOUN
commodité,fr,5,NOUN
libertin,fr,1,NOUN
mascarade,fr,1,NOUN
élégie,fr,1,NOUN
dédommagement,fr,1,NOUN
subtilité,fr,1,NOUN
fumier,fr,1,NOUN
moscovite,fr,1,NOUN
chandelle,fr,3,NOUN
poinçon,fr,1,NOUN
traîneau,fr,4,NOUN
vaise,fr,1,NOUN
subordination,fr,1,NOUN
verge,fr,2,NOUN
contenance,fr,3,NOUN
faiseur,fr,1,NOUN
maitresse,fr,12,NOUN
coquillage,fr,1,NOUN
osier,fr,1,NOUN
chandelier,fr,3,NOUN
aug,fr,2,NOUN
supposition,fr,1,NOUN
oranger,fr,3,NOUN
parure,fr,2,NOUN
fanatisme,fr,1,NOUN
préjugé,fr,1,NOUN
provision,fr,1,NOUN
nacre,fr,4,NOUN
affront,fr,3,NOUN
scrupule,fr,6,NOUN
stérilité,fr,1,NOUN
vil,fr,1,NOUN
lumiere,fr,5,NOUN
larme,fr,7,NOUN
dama,fr,3,NOUN
casserole,fr,1,NOUN
eunuque,fr,4,NOUN
lieue,fr,6,NOUN
huître,fr,1,NOUN
exagération,fr,1,NOUN
modele,fr,1,NOUN
murmure,fr,3,NOUN
tur,fr,2,NOUN
galon,fr,1,NOUN
turban,fr,3,NOUN
ustensile,fr,1,NOUN
soucoupe,fr,2,NOUN
digression,fr,3,NOUN
nomen,fr,3,NOUN
brodé,fr,1,NOUN
evêque,fr,3,NOUN
grillage,fr,2,NOUN
omission,fr,1,NOUN
guirlande,fr,3,NOUN
martre,fr,7,NOUN
netteté,fr,1,NOUN
casus,fr,1,NOUN
sé,fr,1,NOUN
enfilade,fr,2,NOUN
corset,fr,3,NOUN
méchanceté,fr,4,NOUN
crêpe,fr,2,NOUN
serviette,fr,2,NOUN
chalumeau,fr,1,NOUN
acclamation,fr,1,NOUN
summa,fr,1,NOUN
œillet,fr,3,NOUN
sédition,fr,1,NOUN
ragoût,fr,1,NOUN
grief,fr,1,NOUN
empressement,fr,3,NOUN
volatile,fr,1,NOUN
duce,fr,1,NOUN
avarice,fr,1,NOUN
écrevisse,fr,1,NOUN
partialité,fr,4,NOUN
gaieté,fr,1,NOUN
tabouret,fr,1,NOUN
blancheur,fr,2,NOUN
enchantement,fr,3,NOUN
tourterelle,fr,2,NOUN
airain,fr,2,NOUN
rhume,fr,3,NOUN
vétusté,fr,1,NOUN
tresse,fr,3,NOUN
confidente,fr,1,NOUN
ergo,fr,1,NOUN
tumulte,fr,1,NOUN
rebut,fr,1,NOUN
dorure,fr,3,NOUN
imprudence,fr,3,NOUN
figue,fr,1,NOUN
ongle,fr,2,NOUN
brocard,fr,5,NOUN
lazuli,fr,1,NOUN
cimier,fr,1,NOUN
magnificence,fr,22,NOUN
éclaircissement,fr,1,NOUN
infirmité,fr,1,NOUN
caresse,fr,1,NOUN
choeur,fr,1,NOUN
inclination,fr,4,NOUN
rôti,fr,1,NOUN
grosseur,fr,7,NOUN
siecle,fr,4,NOUN
incrédulité,fr,1,NOUN
traiteur,fr,1,NOUN
rie,fr,1,NOUN
consternation,fr,1,NOUN
gouvernant,fr,1,NOUN
allumette,fr,1,NOUN
révérence,fr,1,NOUN
quidam,fr,1,NOUN
reinette,fr,1,NOUN
vitrage,fr,2,NOUN
fracas,fr,1,NOUN
sofie,fr,1,NOUN
abréger,fr,3,NOUN
cierge,fr,2,NOUN
réverbération,fr,1,NOUN
cocu,fr,1,NOUN
marinier,fr,1,NOUN
ravisseur,fr,1,NOUN
laideur,fr,1,NOUN
fiance,fr,1,NOUN
avidité,fr,1,NOUN
inoculation,fr,3,NOUN
idiome,fr,2,NOUN
tempore,fr,1,NOUN
stupidité,fr,2,NOUN
dévote,fr,2,NOUN
impureté,fr,1,NOUN
fausseté,fr,2,NOUN
gaze,fr,4,NOUN
assortiment,fr,1,NOUN
riviere,fr,11,NOUN
précepte,fr,1,NOUN
tris,fr,1,NOUN
petitesse,fr,1,NOUN
magno,fr,1,NOUN
quarré,fr,4,NOUN
saleté,fr,2,NOUN
hiéroglyphe,fr,1,NOUN
sagacité,fr,1,NOUN
magazin,fr,1,NOUN
faucheur,fr,1,NOUN
rafraîchissement,fr,1,NOUN
sourcil,fr,3,NOUN
fard,fr,2,NOUN
tem,fr,70,NOUN
rebus,fr,2,NOUN
bellum,fr,1,NOUN
ecriture,fr,2,NOUN
vérole,fr,5,NOUN
denrée,fr,2,NOUN
convive,fr,1,NOUN
brame,fr,1,NOUN
regni,fr,1,NOUN
plumet,fr,1,NOUN
bourrelet,fr,1,NOUN
mulâtre,fr,1,NOUN
compliment,fr,7,NOUN
précipice,fr,3,NOUN
insolence,fr,1,NOUN
lar,fr,2,NOUN
militum,fr,1,NOUN
béatitude,fr,1,NOUN
oisiveté,fr,1,NOUN
frere,fr,7,NOUN
indigence,fr,1,NOUN
civilité,fr,1,NOUN
décence,fr,1,NOUN
libelle,fr,1,NOUN
possum,fr,1,NOUN
gaité,fr,1,NOUN
pantoufle,fr,2,NOUN
ecuyer,fr,1,NOUN
hardiesse,fr,6,NOUN
jonquille,fr,3,NOUN
parée,fr,1,NOUN
étoit,fr,9,NOUN
toise,fr,1,NOUN
bizarrerie,fr,1,NOUN
mède,fr,1,NOUN
joujou,fr,1,NOUN
ance,fr,1,NOUN
bourbier,fr,1,NOUN
ecrivain,fr,1,NOUN
interêt,fr,1,NOUN
populace,fr,1,NOUN
jais,fr,1,NOUN
maniere,fr,45,NOUN
grimace,fr,1,NOUN
impiété,fr,1,NOUN
extravagance,fr,1,NOUN
raille,fr,1,NOUN
désagrément,fr,2,NOUN
ravissement,fr,1,NOUN
mousseline,fr,1,NOUN
bellis,fr,1,NOUN
galanterie,fr,5,NOUN
loix,fr,8,NOUN
postillon,fr,1,NOUN
sane,fr,1,NOUN
conteuse,fr,1,NOUN
cous,fr,1,NOUN
indiscrétion,fr,1,NOUN
pacem,fr,1,NOUN
tali,fr,1,NOUN
catacombe,fr,1,NOUN
redingote,fr,1,NOUN
batelier,fr,1,NOUN
calamité,fr,1,NOUN
transsubstantiation,fr,1,NOUN
ceinturon,fr,1,NOUN
caleçon,fr,4,NOUN
expédient,fr,1,NOUN
mortification,fr,3,NOUN
oratio,fr,1,NOUN
boiserie,fr,1,NOUN
brocart,fr,1,NOUN
crotte,fr,2,NOUN
mente,fr,1,NOUN
yvoire,fr,2,NOUN
regle,fr,1,NOUN
regne,fr,2,NOUN
encensoir,fr,1,NOUN
paresseuse,fr,1,NOUN
lapi,fr,1,NOUN
déisme,fr,1,NOUN
adorateur,fr,1,NOUN
arriere,fr,2,NOUN
domi,fr,1,NOUN
étourdissement,fr,1,NOUN
stance,fr,4,NOUN
camisole,fr,2,NOUN
ducat,fr,3,NOUN
oppresseur,fr,1,NOUN
verum,fr,1,NOUN
impertinence,fr,1,NOUN
pelisse,fr,1,NOUN
sorbet,fr,5,NOUN
civitate,fr,1,NOUN
voiler,fr,2,NOUN
mollesse,fr,1,NOUN
patri,fr,1,NOUN
flegme,fr,1,NOUN
datte,fr,1,NOUN
moeurs,fr,1,NOUN
ture,fr,1,NOUN
gratis,fr,1,NOUN
réjouissance,fr,1,NOUN
harnois,fr,2,NOUN
serpens,fr,1,NOUN
magis,fr,1,NOUN
mune,fr,1,NOUN
louage,fr,2,NOUN
langueur,fr,2,NOUN
verd,fr,9,NOUN
schelin,fr,1,NOUN
déiste,fr,1,NOUN
faulx,fr,1,NOUN
marito,fr,1,NOUN
bassesse,fr,1,NOUN
blon,fr,1,NOUN
flatterie,fr,1,NOUN
ché,fr,1,NOUN
contredanse,fr,2,NOUN
estropié,fr,1,NOUN
moissonneur,fr,1,NOUN
postiche,fr,1,NOUN
cujus,fr,1,NOUN
ble,fr,2,NOUN
attirail,fr,1,NOUN
boutel,fr,1,NOUN
espece,fr,13,NOUN
régle,fr,2,NOUN
derriere,fr,12,NOUN
caftan,fr,3,NOUN
decem,fr,1,NOUN
prude,fr,4,NOUN
matiere,fr,6,NOUN
troisieme,fr,2,NOUN
interprete,fr,8,NOUN
curiam,fr,1,NOUN
indécence,fr,1,NOUN
difformité,fr,2,NOUN
fixement,fr,1,NOUN
négligemment,fr,1,NOUN
indolence,fr,1,NOUN
bierre,fr,1,NOUN
hif,fr,1,NOUN
tion,fr,3,NOUN
desir,fr,5,NOUN
poëte,fr,6,NOUN
auctore,fr,1,NOUN
honores,fr,1,NOUN
electeur,fr,4,NOUN
epître,fr,1,NOUN
siége,fr,9,NOUN
hodie,fr,1,NOUN
casuel,fr,1,NOUN
hanc,fr,2,NOUN
impudence,fr,3,NOUN
civili,fr,1,NOUN
provin,fr,1,NOUN
ravelin,fr,2,NOUN
somptuosité,fr,1,NOUN
étre,fr,1,NOUN
railleur,fr,1,NOUN
démangeaison,fr,1,NOUN
anthropophage,fr,1,NOUN
janissaire,fr,21,NOUN
felouque,fr,1,NOUN
talen,fr,2,NOUN
circassien,fr,1,NOUN
senatore,fr,1,NOUN
savan,fr,1,NOUN
majore,fr,2,NOUN
égratignure,fr,1,NOUN
casu,fr,1,NOUN
naif,fr,1,NOUN
cuillerée,fr,1,NOUN
cier,fr,1,NOUN
bitan,fr,1,NOUN
seur,fr,1,NOUN
demarche,fr,1,NOUN
sopha,fr,9,NOUN
affabilité,fr,1,NOUN
connoisseur,fr,2,NOUN
trembleur,fr,1,NOUN
poële,fr,7,NOUN
nante,fr,1,NOUN
solum,fr,1,NOUN
préparatif,fr,2,NOUN
consomption,fr,1,NOUN
potius,fr,1,NOUN
collége,fr,1,NOUN
siécle,fr,1,NOUN
patre,fr,1,NOUN
effe,fr,1,NOUN
caffé,fr,12,NOUN
multis,fr,1,NOUN
recit,fr,1,NOUN
majorum,fr,1,NOUN
plai,fr,1,NOUN
historiette,fr,1,NOUN
colere,fr,1,NOUN
divus,fr,1,NOUN
multa,fr,1,NOUN
connoissance,fr,15,NOUN
partem,fr,1,NOUN
tamen,fr,1,NOUN
angloise,fr,6,NOUN
tribuno,fr,1,NOUN
nape,fr,1,NOUN
quatrieme,fr,1,NOUN
chere,fr,45,NOUN
mant,fr,1,NOUN
fratre,fr,1,NOUN
barriere,fr,1,NOUN
sardoine,fr,1,NOUN
priere,fr,1,NOUN
quidem,fr,6,NOUN
misere,fr,3,NOUN
matre,fr,1,NOUN
cinquieme,fr,1,NOUN
habere,fr,1,NOUN
maque,fr,1,NOUN
fléche,fr,2,NOUN
roir,fr,1,NOUN
mahométan,fr,3,NOUN
tagne,fr,1,NOUN
esset,fr,1,NOUN
temoin,fr,1,NOUN
ravisse,fr,1,NOUN
toire,fr,1,NOUN
aventurine,fr,1,NOUN
chevre,fr,1,NOUN
utilitate,fr,1,NOUN
premierement,fr,1,NOUN
reliquis,fr,1,NOUN
utili,fr,1,NOUN
bouti,fr,1,NOUN
juppe,fr,1,NOUN
publice,fr,1,NOUN
sance,fr,2,NOUN
méchanique,fr,1,NOUN
ètat,fr,1,NOUN
enten,fr,1,NOUN
carosse,fr,3,NOUN
rier,fr,1,NOUN
limonier,fr,1,NOUN
futaille,fr,1,NOUN
tiam,fr,1,NOUN
suorum,fr,1,NOUN
lement,fr,2,NOUN
coûtume,fr,1,NOUN
bibliothéque,fr,1,NOUN
remede,fr,1,NOUN
breche,fr,2,NOUN
ornare,fr,1,NOUN
reconnoissance,fr,3,NOUN
paren,fr,14,NOUN
boëte,fr,2,NOUN
patribus,fr,1,NOUN
istam,fr,1,NOUN
logemen,fr,2,NOUN
piéce,fr,2,NOUN
terrein,fr,10,NOUN
barbouilleur,fr,1,NOUN
fauxbourg,fr,4,NOUN
présens,fr,2,NOUN
digito,fr,1,NOUN
statim,fr,1,NOUN
systême,fr,2,NOUN
rable,fr,1,NOUN
chevrefeuille,fr,1,NOUN
affectionnée,fr,1,NOUN
batteau,fr,1,NOUN
vité,fr,1,NOUN
tradere,fr,1,NOUN
pendans,fr,1,NOUN
espéce,fr,3,NOUN
foible,fr,3,NOUN
confreres,fr,1,NOUN
neur,fr,1,NOUN
mignature,fr,1,NOUN
cicogne,fr,1,NOUN
meroi,fr,1,NOUN
sanguinem,fr,1,NOUN
protec,fr,1,NOUN
potior,fr,1,NOUN
nempe,fr,1,NOUN
importunité,fr,2,NOUN
tiroit,fr,1,NOUN
enfan,fr,22,NOUN
grossiereté,fr,1,NOUN
reditum,fr,1,NOUN
aniversaire,fr,1,NOUN
ceur,fr,1,NOUN
habitan,fr,12,NOUN
connois,fr,2,NOUN
terminos,fr,1,NOUN
laitiere,fr,2,NOUN
deshonneur,fr,1,NOUN
truit,fr,1,NOUN
mîme,fr,1,NOUN
magine,fr,1,NOUN
païsan,fr,1,NOUN
necesse,fr,1,NOUN
diaman,fr,16,NOUN
extremos,fr,1,NOUN
lende,fr,1,NOUN
gentilshomme,fr,2,NOUN
pierrerie,fr,13,NOUN
quadrupede,fr,1,NOUN
eoque,fr,1,NOUN
repertum,fr,1,NOUN
passan,fr,1,NOUN
amicum,fr,1,NOUN
doine,fr,1,NOUN
cessaire,fr,1,NOUN
