person_id,person_name,emlo
PER-001,Lady Mar,https://emlo.bodleian.ox.ac.uk/p/921679 
PER-002,Jane Smith,https://emlo.bodleian.ox.ac.uk/p/921670
PER-003,Sarah Chiswell,https://emlo.bodleian.ox.ac.uk/p/921671
PER-004,Lady Rich,https://emlo.bodleian.ox.ac.uk/p/921680
PER-005,Lady Bristol,https://emlo.bodleian.ox.ac.uk/p/921678
PER-006,Anne Thistlethwayte,https://emlo.bodleian.ox.ac.uk/p/921668
PER-007,Alexander Pope,https://emlo.bodleian.ox.ac.uk/p/16725
PER-008,unknown_woman_1,
PER-009,unknown_woman_2,
PER-010,unknown_man,
PER-011,unknown_woman_3,
PER-012,unknown_woman_4,
PER-013,Princess of Wales Caroline of Anspach,https://emlo.bodleian.ox.ac.uk/p/921606
PER-014,unknown_woman_5,
PER-015,Abbé Conti,https://emlo.bodleian.ox.ac.uk/p/911313
PER-016,unknown_woman_6,
PER-017,unknown_woman_7,